cluster;engajamento_medio;hora;score_pico;rank_recomendacao;rota;viacao_recomendada;tickets_peak;pct_heavy_users;share_atual_pct;oportunidade;recomendacao;
0;45.5;14;39027.99;1;Salvador â†’ Fortaleza;Viação 195;995;52.6;0;759.02;Sugerir Viação 195 na rota Salvador â†’ Fortaleza no horÃ¡rio 14h. Share atual: 0.0%. Demanda (pico) no cluster: 995 tickets; heavy users: 53%.
0;45.5;14;39027.99;2;Salvador â†’ Fortaleza;Viação 182;995;52.6;0;759.02;Sugerir Viação 182 na rota Salvador â†’ Fortaleza no horÃ¡rio 14h. Share atual: 0.0%. Demanda (pico) no cluster: 995 tickets; heavy users: 53%.
0;45.5;14;39027.99;3;Salvador â†’ Fortaleza;Viação 094;995;52.6;0;759.02;Sugerir Viação 094 na rota Salvador â†’ Fortaleza no horÃ¡rio 14h. Share atual: 0.0%. Demanda (pico) no cluster: 995 tickets; heavy users: 53%.
0;45.5;14;39027.99;4;Salvador â†’ Fortaleza;Viação 055;995;52.6;0;759.02;Sugerir Viação 055 na rota Salvador â†’ Fortaleza no horÃ¡rio 14h. Share atual: 0.0%. Demanda (pico) no cluster: 995 tickets; heavy users: 53%.
0;45.5;14;39027.99;5;Salvador â†’ Fortaleza;Viação 017;995;52.6;0;759.02;Sugerir Viação 017 na rota Salvador â†’ Fortaleza no horÃ¡rio 14h. Share atual: 0.0%. Demanda (pico) no cluster: 995 tickets; heavy users: 53%.
0;45.5;14;39027.99;6;Salvador â†’ Fortaleza;Viação 161;995;52.6;0;759.02;Sugerir Viação 161 na rota Salvador â†’ Fortaleza no horÃ¡rio 14h. Share atual: 0.0%. Demanda (pico) no cluster: 995 tickets; heavy users: 53%.
0;45.5;14;39027.99;7;Salvador â†’ Fortaleza;Viação 209;995;52.6;0;759.02;Sugerir Viação 209 na rota Salvador â†’ Fortaleza no horÃ¡rio 14h. Share atual: 0.0%. Demanda (pico) no cluster: 995 tickets; heavy users: 53%.
0;45.5;14;39027.99;8;Salvador â†’ Fortaleza;Viação 235;995;52.6;0;759.02;Sugerir Viação 235 na rota Salvador â†’ Fortaleza no horÃ¡rio 14h. Share atual: 0.0%. Demanda (pico) no cluster: 995 tickets; heavy users: 53%.
0;45.5;14;39027.99;9;Salvador â†’ Fortaleza;Viação 146;995;52.6;0;759.02;Sugerir Viação 146 na rota Salvador â†’ Fortaleza no horÃ¡rio 14h. Share atual: 0.0%. Demanda (pico) no cluster: 995 tickets; heavy users: 53%.
0;45.5;14;39027.99;10;Salvador â†’ Fortaleza;Viação 070;995;52.6;0;759.02;Sugerir Viação 070 na rota Salvador â†’ Fortaleza no horÃ¡rio 14h. Share atual: 0.0%. Demanda (pico) no cluster: 995 tickets; heavy users: 53%.
0;45.5;15;38429;1;Salvador â†’ Fortaleza;Viação 182;1090;52.8;0;832.99;Sugerir Viação 182 na rota Salvador â†’ Fortaleza no horÃ¡rio 15h. Share atual: 0.0%. Demanda (pico) no cluster: 1090 tickets; heavy users: 53%.
0;45.5;15;38429;2;Salvador â†’ Fortaleza;Viação 055;1090;52.8;0;832.99;Sugerir Viação 055 na rota Salvador â†’ Fortaleza no horÃ¡rio 15h. Share atual: 0.0%. Demanda (pico) no cluster: 1090 tickets; heavy users: 53%.
0;45.5;15;38429;3;Salvador â†’ Fortaleza;Viação 195;1090;52.8;0;832.99;Sugerir Viação 195 na rota Salvador â†’ Fortaleza no horÃ¡rio 15h. Share atual: 0.0%. Demanda (pico) no cluster: 1090 tickets; heavy users: 53%.
0;45.5;15;38429;4;Salvador â†’ Fortaleza;Viação 017;1090;52.8;0;832.99;Sugerir Viação 017 na rota Salvador â†’ Fortaleza no horÃ¡rio 15h. Share atual: 0.0%. Demanda (pico) no cluster: 1090 tickets; heavy users: 53%.
0;45.5;15;38429;5;Salvador â†’ Fortaleza;Viação 209;1090;52.8;0;832.99;Sugerir Viação 209 na rota Salvador â†’ Fortaleza no horÃ¡rio 15h. Share atual: 0.0%. Demanda (pico) no cluster: 1090 tickets; heavy users: 53%.
0;45.5;15;38429;6;Salvador â†’ Fortaleza;Viação 094;1090;52.8;0;832.99;Sugerir Viação 094 na rota Salvador â†’ Fortaleza no horÃ¡rio 15h. Share atual: 0.0%. Demanda (pico) no cluster: 1090 tickets; heavy users: 53%.
0;45.5;15;38429;7;Salvador â†’ Fortaleza;Viação 235;1090;52.8;0;832.99;Sugerir Viação 235 na rota Salvador â†’ Fortaleza no horÃ¡rio 15h. Share atual: 0.0%. Demanda (pico) no cluster: 1090 tickets; heavy users: 53%.
0;45.5;15;38429;8;Salvador â†’ Fortaleza;Viação 268;1090;52.8;0;832.99;Sugerir Viação 268 na rota Salvador â†’ Fortaleza no horÃ¡rio 15h. Share atual: 0.0%. Demanda (pico) no cluster: 1090 tickets; heavy users: 53%.
0;45.5;15;38429;9;Salvador â†’ Fortaleza;Viação 146;1090;52.8;0;832.99;Sugerir Viação 146 na rota Salvador â†’ Fortaleza no horÃ¡rio 15h. Share atual: 0.0%. Demanda (pico) no cluster: 1090 tickets; heavy users: 53%.
0;45.5;15;38429;10;Salvador â†’ Fortaleza;Viação 161;1090;52.8;0;832.99;Sugerir Viação 161 na rota Salvador â†’ Fortaleza no horÃ¡rio 15h. Share atual: 0.0%. Demanda (pico) no cluster: 1090 tickets; heavy users: 53%.
0;45.5;18;40464.22;1;Salvador â†’ Fortaleza;Viação 259;1147;52.3;0;873.65;Sugerir Viação 259 na rota Salvador â†’ Fortaleza no horÃ¡rio 18h. Share atual: 0.0%. Demanda (pico) no cluster: 1147 tickets; heavy users: 52%.
0;45.5;18;40464.22;2;Salvador â†’ Fortaleza;Viação 070;1147;52.3;0;873.65;Sugerir Viação 070 na rota Salvador â†’ Fortaleza no horÃ¡rio 18h. Share atual: 0.0%. Demanda (pico) no cluster: 1147 tickets; heavy users: 52%.
0;45.5;18;40464.22;3;Salvador â†’ Fortaleza;Viação 268;1147;52.3;0;873.65;Sugerir Viação 268 na rota Salvador â†’ Fortaleza no horÃ¡rio 18h. Share atual: 0.0%. Demanda (pico) no cluster: 1147 tickets; heavy users: 52%.
0;45.5;18;40464.22;4;Salvador â†’ Fortaleza;Viação 235;1147;52.3;0;873.65;Sugerir Viação 235 na rota Salvador â†’ Fortaleza no horÃ¡rio 18h. Share atual: 0.0%. Demanda (pico) no cluster: 1147 tickets; heavy users: 52%.
0;45.5;18;40464.22;5;Salvador â†’ Fortaleza;Viação 209;1147;52.3;0;873.65;Sugerir Viação 209 na rota Salvador â†’ Fortaleza no horÃ¡rio 18h. Share atual: 0.0%. Demanda (pico) no cluster: 1147 tickets; heavy users: 52%.
0;45.5;18;40464.22;6;Salvador â†’ Fortaleza;Viação 170;1147;52.3;0;873.65;Sugerir Viação 170 na rota Salvador â†’ Fortaleza no horÃ¡rio 18h. Share atual: 0.0%. Demanda (pico) no cluster: 1147 tickets; heavy users: 52%.
0;45.5;18;40464.22;7;Salvador â†’ Fortaleza;Viação 195;1147;52.3;0;873.65;Sugerir Viação 195 na rota Salvador â†’ Fortaleza no horÃ¡rio 18h. Share atual: 0.0%. Demanda (pico) no cluster: 1147 tickets; heavy users: 52%.
0;45.5;18;40464.22;8;Salvador â†’ Fortaleza;Viação 182;1147;52.3;0;873.65;Sugerir Viação 182 na rota Salvador â†’ Fortaleza no horÃ¡rio 18h. Share atual: 0.0%. Demanda (pico) no cluster: 1147 tickets; heavy users: 52%.
0;45.5;18;40464.22;9;Salvador â†’ Fortaleza;Viação 161;1147;52.3;0;873.65;Sugerir Viação 161 na rota Salvador â†’ Fortaleza no horÃ¡rio 18h. Share atual: 0.0%. Demanda (pico) no cluster: 1147 tickets; heavy users: 52%.
0;45.5;18;40464.22;10;Salvador â†’ Fortaleza;Viação 094;1147;52.3;0;873.65;Sugerir Viação 094 na rota Salvador â†’ Fortaleza no horÃ¡rio 18h. Share atual: 0.0%. Demanda (pico) no cluster: 1147 tickets; heavy users: 52%.
0;45.5;19;41330.01;1;Salvador â†’ Fortaleza;Viação 182;1141;55.3;0;885.83;Sugerir Viação 182 na rota Salvador â†’ Fortaleza no horÃ¡rio 19h. Share atual: 0.0%. Demanda (pico) no cluster: 1141 tickets; heavy users: 55%.
0;45.5;19;41330.01;2;Salvador â†’ Fortaleza;Viação 195;1141;55.3;0;885.83;Sugerir Viação 195 na rota Salvador â†’ Fortaleza no horÃ¡rio 19h. Share atual: 0.0%. Demanda (pico) no cluster: 1141 tickets; heavy users: 55%.
0;45.5;19;41330.01;3;Salvador â†’ Fortaleza;Viação 017;1141;55.3;0;885.83;Sugerir Viação 017 na rota Salvador â†’ Fortaleza no horÃ¡rio 19h. Share atual: 0.0%. Demanda (pico) no cluster: 1141 tickets; heavy users: 55%.
0;45.5;19;41330.01;4;Salvador â†’ Fortaleza;Viação 268;1141;55.3;0;885.83;Sugerir Viação 268 na rota Salvador â†’ Fortaleza no horÃ¡rio 19h. Share atual: 0.0%. Demanda (pico) no cluster: 1141 tickets; heavy users: 55%.
0;45.5;19;41330.01;5;Salvador â†’ Fortaleza;Viação 259;1141;55.3;0;885.83;Sugerir Viação 259 na rota Salvador â†’ Fortaleza no horÃ¡rio 19h. Share atual: 0.0%. Demanda (pico) no cluster: 1141 tickets; heavy users: 55%.
0;45.5;19;41330.01;6;Salvador â†’ Fortaleza;Viação 055;1141;55.3;0;885.83;Sugerir Viação 055 na rota Salvador â†’ Fortaleza no horÃ¡rio 19h. Share atual: 0.0%. Demanda (pico) no cluster: 1141 tickets; heavy users: 55%.
0;45.5;19;41330.01;7;Salvador â†’ Fortaleza;Viação 070;1141;55.3;0;885.83;Sugerir Viação 070 na rota Salvador â†’ Fortaleza no horÃ¡rio 19h. Share atual: 0.0%. Demanda (pico) no cluster: 1141 tickets; heavy users: 55%.
0;45.5;19;41330.01;8;Salvador â†’ Fortaleza;Viação 235;1141;55.3;0;885.83;Sugerir Viação 235 na rota Salvador â†’ Fortaleza no horÃ¡rio 19h. Share atual: 0.0%. Demanda (pico) no cluster: 1141 tickets; heavy users: 55%.
0;45.5;19;41330.01;9;Salvador â†’ Fortaleza;Viação 094;1141;55.3;0;885.83;Sugerir Viação 094 na rota Salvador â†’ Fortaleza no horÃ¡rio 19h. Share atual: 0.0%. Demanda (pico) no cluster: 1141 tickets; heavy users: 55%.
0;45.5;19;41330.01;10;Salvador â†’ Fortaleza;Viação 170;1141;55.3;0;885.83;Sugerir Viação 170 na rota Salvador â†’ Fortaleza no horÃ¡rio 19h. Share atual: 0.0%. Demanda (pico) no cluster: 1141 tickets; heavy users: 55%.
0;45.5;20;38395.29;1;Fortaleza â†’ Salvador;Viação 138;1109;54.8;0;858.26;Sugerir Viação 138 na rota Fortaleza â†’ Salvador no horÃ¡rio 20h. Share atual: 0.0%. Demanda (pico) no cluster: 1109 tickets; heavy users: 55%.
0;45.5;20;38395.29;2;Fortaleza â†’ Salvador;Viação 010;1109;54.8;0;858.26;Sugerir Viação 010 na rota Fortaleza â†’ Salvador no horÃ¡rio 20h. Share atual: 0.0%. Demanda (pico) no cluster: 1109 tickets; heavy users: 55%.
0;45.5;20;38395.29;3;Fortaleza â†’ Salvador;Viação 105;1109;54.8;0;858.26;Sugerir Viação 105 na rota Fortaleza â†’ Salvador no horÃ¡rio 20h. Share atual: 0.0%. Demanda (pico) no cluster: 1109 tickets; heavy users: 55%.
0;45.5;20;38395.29;4;Fortaleza â†’ Salvador;Viação 284;1109;54.8;0;858.26;Sugerir Viação 284 na rota Fortaleza â†’ Salvador no horÃ¡rio 20h. Share atual: 0.0%. Demanda (pico) no cluster: 1109 tickets; heavy users: 55%.
0;45.5;20;38395.29;5;Fortaleza â†’ Salvador;Viação 238;1109;54.8;0;858.26;Sugerir Viação 238 na rota Fortaleza â†’ Salvador no horÃ¡rio 20h. Share atual: 0.0%. Demanda (pico) no cluster: 1109 tickets; heavy users: 55%.
0;45.5;20;38395.29;6;Fortaleza â†’ Salvador;Viação 235;1109;54.8;0;858.26;Sugerir Viação 235 na rota Fortaleza â†’ Salvador no horÃ¡rio 20h. Share atual: 0.0%. Demanda (pico) no cluster: 1109 tickets; heavy users: 55%.
0;45.5;20;38395.29;7;Fortaleza â†’ Salvador;Viação 086;1109;54.8;0;858.26;Sugerir Viação 086 na rota Fortaleza â†’ Salvador no horÃ¡rio 20h. Share atual: 0.0%. Demanda (pico) no cluster: 1109 tickets; heavy users: 55%.
0;45.5;20;38395.29;8;Fortaleza â†’ Salvador;Viação 081;1109;54.8;0;858.26;Sugerir Viação 081 na rota Fortaleza â†’ Salvador no horÃ¡rio 20h. Share atual: 0.0%. Demanda (pico) no cluster: 1109 tickets; heavy users: 55%.
0;45.5;20;38395.29;9;Fortaleza â†’ Salvador;Viação 204;1109;54.8;0;858.26;Sugerir Viação 204 na rota Fortaleza â†’ Salvador no horÃ¡rio 20h. Share atual: 0.0%. Demanda (pico) no cluster: 1109 tickets; heavy users: 55%.
0;45.5;20;38395.29;10;Fortaleza â†’ Salvador;Viação 062;1109;54.8;0;858.26;Sugerir Viação 062 na rota Fortaleza â†’ Salvador no horÃ¡rio 20h. Share atual: 0.0%. Demanda (pico) no cluster: 1109 tickets; heavy users: 55%.
1;35.7;8;20675.11;1;Fortaleza â†’ Salvador;Viação 284;632;32.3;0;418.19;Sugerir Viação 284 na rota Fortaleza â†’ Salvador no horÃ¡rio 08h. Share atual: 0.0%. Demanda (pico) no cluster: 632 tickets; heavy users: 32%.
1;35.7;8;20675.11;2;Fortaleza â†’ Salvador;Viação 002;632;32.3;0;418.19;Sugerir Viação 002 na rota Fortaleza â†’ Salvador no horÃ¡rio 08h. Share atual: 0.0%. Demanda (pico) no cluster: 632 tickets; heavy users: 32%.
1;35.7;8;20675.11;3;Fortaleza â†’ Salvador;Viação 010;632;32.3;0;418.19;Sugerir Viação 010 na rota Fortaleza â†’ Salvador no horÃ¡rio 08h. Share atual: 0.0%. Demanda (pico) no cluster: 632 tickets; heavy users: 32%.
1;35.7;8;20675.11;4;Fortaleza â†’ Salvador;Viação 026;632;32.3;0;418.19;Sugerir Viação 026 na rota Fortaleza â†’ Salvador no horÃ¡rio 08h. Share atual: 0.0%. Demanda (pico) no cluster: 632 tickets; heavy users: 32%.
1;35.7;8;20675.11;5;Fortaleza â†’ Salvador;Viação 062;632;32.3;0;418.19;Sugerir Viação 062 na rota Fortaleza â†’ Salvador no horÃ¡rio 08h. Share atual: 0.0%. Demanda (pico) no cluster: 632 tickets; heavy users: 32%.
1;35.7;8;20675.11;6;Fortaleza â†’ Salvador;Viação 069;632;32.3;0;418.19;Sugerir Viação 069 na rota Fortaleza â†’ Salvador no horÃ¡rio 08h. Share atual: 0.0%. Demanda (pico) no cluster: 632 tickets; heavy users: 32%.
1;35.7;8;20675.11;7;Fortaleza â†’ Salvador;Viação 081;632;32.3;0;418.19;Sugerir Viação 081 na rota Fortaleza â†’ Salvador no horÃ¡rio 08h. Share atual: 0.0%. Demanda (pico) no cluster: 632 tickets; heavy users: 32%.
1;35.7;8;20675.11;8;Fortaleza â†’ Salvador;Viação 086;632;32.3;0;418.19;Sugerir Viação 086 na rota Fortaleza â†’ Salvador no horÃ¡rio 08h. Share atual: 0.0%. Demanda (pico) no cluster: 632 tickets; heavy users: 32%.
1;35.7;8;20675.11;9;Fortaleza â†’ Salvador;Viação 105;632;32.3;0;418.19;Sugerir Viação 105 na rota Fortaleza â†’ Salvador no horÃ¡rio 08h. Share atual: 0.0%. Demanda (pico) no cluster: 632 tickets; heavy users: 32%.
1;35.7;8;20675.11;10;Fortaleza â†’ Salvador;Viação 138;632;32.3;0;418.19;Sugerir Viação 138 na rota Fortaleza â†’ Salvador no horÃ¡rio 08h. Share atual: 0.0%. Demanda (pico) no cluster: 632 tickets; heavy users: 32%.
1;35.7;9;26401.73;1;Fortaleza â†’ Salvador;Viação 204;789;35.3;0;533.57;Sugerir Viação 204 na rota Fortaleza â†’ Salvador no horÃ¡rio 09h. Share atual: 0.0%. Demanda (pico) no cluster: 789 tickets; heavy users: 35%.
1;35.7;9;26401.73;2;Fortaleza â†’ Salvador;Viação 284;789;35.3;0;533.57;Sugerir Viação 284 na rota Fortaleza â†’ Salvador no horÃ¡rio 09h. Share atual: 0.0%. Demanda (pico) no cluster: 789 tickets; heavy users: 35%.
1;35.7;9;26401.73;3;Fortaleza â†’ Salvador;Viação 138;789;35.3;0;533.57;Sugerir Viação 138 na rota Fortaleza â†’ Salvador no horÃ¡rio 09h. Share atual: 0.0%. Demanda (pico) no cluster: 789 tickets; heavy users: 35%.
1;35.7;9;26401.73;4;Fortaleza â†’ Salvador;Viação 105;789;35.3;0;533.57;Sugerir Viação 105 na rota Fortaleza â†’ Salvador no horÃ¡rio 09h. Share atual: 0.0%. Demanda (pico) no cluster: 789 tickets; heavy users: 35%.
1;35.7;9;26401.73;5;Fortaleza â†’ Salvador;Viação 235;789;35.3;0;533.57;Sugerir Viação 235 na rota Fortaleza â†’ Salvador no horÃ¡rio 09h. Share atual: 0.0%. Demanda (pico) no cluster: 789 tickets; heavy users: 35%.
1;35.7;9;26401.73;6;Fortaleza â†’ Salvador;Viação 238;789;35.3;0;533.57;Sugerir Viação 238 na rota Fortaleza â†’ Salvador no horÃ¡rio 09h. Share atual: 0.0%. Demanda (pico) no cluster: 789 tickets; heavy users: 35%.
1;35.7;9;26401.73;7;Fortaleza â†’ Salvador;Viação 086;789;35.3;0;533.57;Sugerir Viação 086 na rota Fortaleza â†’ Salvador no horÃ¡rio 09h. Share atual: 0.0%. Demanda (pico) no cluster: 789 tickets; heavy users: 35%.
1;35.7;9;26401.73;8;Fortaleza â†’ Salvador;Viação 268;789;35.3;0;533.57;Sugerir Viação 268 na rota Fortaleza â†’ Salvador no horÃ¡rio 09h. Share atual: 0.0%. Demanda (pico) no cluster: 789 tickets; heavy users: 35%.
1;35.7;9;26401.73;9;Fortaleza â†’ Salvador;Viação 002;789;35.3;0;533.57;Sugerir Viação 002 na rota Fortaleza â†’ Salvador no horÃ¡rio 09h. Share atual: 0.0%. Demanda (pico) no cluster: 789 tickets; heavy users: 35%.
1;35.7;9;26401.73;10;Fortaleza â†’ Salvador;Viação 062;789;35.3;0;533.57;Sugerir Viação 062 na rota Fortaleza â†’ Salvador no horÃ¡rio 09h. Share atual: 0.0%. Demanda (pico) no cluster: 789 tickets; heavy users: 35%.
1;35.7;10;28465.63;1;Salvador â†’ Fortaleza;Viação 259;873;30.7;0;570.6;Sugerir Viação 259 na rota Salvador â†’ Fortaleza no horÃ¡rio 10h. Share atual: 0.0%. Demanda (pico) no cluster: 873 tickets; heavy users: 31%.
1;35.7;10;28465.63;2;Salvador â†’ Fortaleza;Viação 209;873;30.7;0;570.6;Sugerir Viação 209 na rota Salvador â†’ Fortaleza no horÃ¡rio 10h. Share atual: 0.0%. Demanda (pico) no cluster: 873 tickets; heavy users: 31%.
1;35.7;10;28465.63;3;Salvador â†’ Fortaleza;Viação 195;873;30.7;0;570.6;Sugerir Viação 195 na rota Salvador â†’ Fortaleza no horÃ¡rio 10h. Share atual: 0.0%. Demanda (pico) no cluster: 873 tickets; heavy users: 31%.
1;35.7;10;28465.63;4;Salvador â†’ Fortaleza;Viação 146;873;30.7;0;570.6;Sugerir Viação 146 na rota Salvador â†’ Fortaleza no horÃ¡rio 10h. Share atual: 0.0%. Demanda (pico) no cluster: 873 tickets; heavy users: 31%.
1;35.7;10;28465.63;5;Salvador â†’ Fortaleza;Viação 055;873;30.7;0;570.6;Sugerir Viação 055 na rota Salvador â†’ Fortaleza no horÃ¡rio 10h. Share atual: 0.0%. Demanda (pico) no cluster: 873 tickets; heavy users: 31%.
1;35.7;10;28465.63;6;Salvador â†’ Fortaleza;Viação 268;873;30.7;0;570.6;Sugerir Viação 268 na rota Salvador â†’ Fortaleza no horÃ¡rio 10h. Share atual: 0.0%. Demanda (pico) no cluster: 873 tickets; heavy users: 31%.
1;35.7;10;28465.63;7;Salvador â†’ Fortaleza;Viação 070;873;30.7;0;570.6;Sugerir Viação 070 na rota Salvador â†’ Fortaleza no horÃ¡rio 10h. Share atual: 0.0%. Demanda (pico) no cluster: 873 tickets; heavy users: 31%.
1;35.7;10;28465.63;8;Salvador â†’ Fortaleza;Viação 161;873;30.7;0;570.6;Sugerir Viação 161 na rota Salvador â†’ Fortaleza no horÃ¡rio 10h. Share atual: 0.0%. Demanda (pico) no cluster: 873 tickets; heavy users: 31%.
1;35.7;10;28465.63;9;Salvador â†’ Fortaleza;Viação 182;873;30.7;0;570.6;Sugerir Viação 182 na rota Salvador â†’ Fortaleza no horÃ¡rio 10h. Share atual: 0.0%. Demanda (pico) no cluster: 873 tickets; heavy users: 31%.
1;35.7;10;28465.63;10;Salvador â†’ Fortaleza;Viação 094;873;30.7;0;570.6;Sugerir Viação 094 na rota Salvador â†’ Fortaleza no horÃ¡rio 10h. Share atual: 0.0%. Demanda (pico) no cluster: 873 tickets; heavy users: 31%.
1;35.7;11;25625.75;1;Fortaleza â†’ Salvador;Viação 081;905;33.9;0;606.04;Sugerir Viação 081 na rota Fortaleza â†’ Salvador no horÃ¡rio 11h. Share atual: 0.0%. Demanda (pico) no cluster: 905 tickets; heavy users: 34%.
1;35.7;11;25625.75;2;Fortaleza â†’ Salvador;Viação 268;905;33.9;0;606.04;Sugerir Viação 268 na rota Fortaleza â†’ Salvador no horÃ¡rio 11h. Share atual: 0.0%. Demanda (pico) no cluster: 905 tickets; heavy users: 34%.
1;35.7;11;25625.75;3;Fortaleza â†’ Salvador;Viação 152;905;33.9;0;606.04;Sugerir Viação 152 na rota Fortaleza â†’ Salvador no horÃ¡rio 11h. Share atual: 0.0%. Demanda (pico) no cluster: 905 tickets; heavy users: 34%.
1;35.7;11;25625.75;4;Fortaleza â†’ Salvador;Viação 069;905;33.9;0;606.04;Sugerir Viação 069 na rota Fortaleza â†’ Salvador no horÃ¡rio 11h. Share atual: 0.0%. Demanda (pico) no cluster: 905 tickets; heavy users: 34%.
1;35.7;11;25625.75;5;Fortaleza â†’ Salvador;Viação 002;905;33.9;0;606.04;Sugerir Viação 002 na rota Fortaleza â†’ Salvador no horÃ¡rio 11h. Share atual: 0.0%. Demanda (pico) no cluster: 905 tickets; heavy users: 34%.
1;35.7;11;25625.75;6;Fortaleza â†’ Salvador;Viação 062;905;33.9;0;606.04;Sugerir Viação 062 na rota Fortaleza â†’ Salvador no horÃ¡rio 11h. Share atual: 0.0%. Demanda (pico) no cluster: 905 tickets; heavy users: 34%.
1;35.7;11;25625.75;7;Fortaleza â†’ Salvador;Viação 238;905;33.9;0;606.04;Sugerir Viação 238 na rota Fortaleza â†’ Salvador no horÃ¡rio 11h. Share atual: 0.0%. Demanda (pico) no cluster: 905 tickets; heavy users: 34%.
1;35.7;11;25625.75;8;Fortaleza â†’ Salvador;Viação 235;905;33.9;0;606.04;Sugerir Viação 235 na rota Fortaleza â†’ Salvador no horÃ¡rio 11h. Share atual: 0.0%. Demanda (pico) no cluster: 905 tickets; heavy users: 34%.
1;35.7;11;25625.75;9;Fortaleza â†’ Salvador;Viação 204;905;33.9;0;606.04;Sugerir Viação 204 na rota Fortaleza â†’ Salvador no horÃ¡rio 11h. Share atual: 0.0%. Demanda (pico) no cluster: 905 tickets; heavy users: 34%.
1;35.7;11;25625.75;10;Fortaleza â†’ Salvador;Viação 010;905;33.9;0;606.04;Sugerir Viação 010 na rota Fortaleza â†’ Salvador no horÃ¡rio 11h. Share atual: 0.0%. Demanda (pico) no cluster: 905 tickets; heavy users: 34%.
1;35.7;12;18601.11;1;Fortaleza â†’ Salvador;Viação 081;663;36;0;450.99;Sugerir Viação 081 na rota Fortaleza â†’ Salvador no horÃ¡rio 12h. Share atual: 0.0%. Demanda (pico) no cluster: 663 tickets; heavy users: 36%.
1;35.7;12;18601.11;2;Fortaleza â†’ Salvador;Viação 086;663;36;0;450.99;Sugerir Viação 086 na rota Fortaleza â†’ Salvador no horÃ¡rio 12h. Share atual: 0.0%. Demanda (pico) no cluster: 663 tickets; heavy users: 36%.
1;35.7;12;18601.11;3;Fortaleza â†’ Salvador;Viação 105;663;36;0;450.99;Sugerir Viação 105 na rota Fortaleza â†’ Salvador no horÃ¡rio 12h. Share atual: 0.0%. Demanda (pico) no cluster: 663 tickets; heavy users: 36%.
1;35.7;12;18601.11;4;Fortaleza â†’ Salvador;Viação 138;663;36;0;450.99;Sugerir Viação 138 na rota Fortaleza â†’ Salvador no horÃ¡rio 12h. Share atual: 0.0%. Demanda (pico) no cluster: 663 tickets; heavy users: 36%.
1;35.7;12;18601.11;5;Fortaleza â†’ Salvador;Viação 152;663;36;0;450.99;Sugerir Viação 152 na rota Fortaleza â†’ Salvador no horÃ¡rio 12h. Share atual: 0.0%. Demanda (pico) no cluster: 663 tickets; heavy users: 36%.
1;35.7;12;18601.11;6;Fortaleza â†’ Salvador;Viação 204;663;36;0;450.99;Sugerir Viação 204 na rota Fortaleza â†’ Salvador no horÃ¡rio 12h. Share atual: 0.0%. Demanda (pico) no cluster: 663 tickets; heavy users: 36%.
1;35.7;12;18601.11;7;Fortaleza â†’ Salvador;Viação 235;663;36;0;450.99;Sugerir Viação 235 na rota Fortaleza â†’ Salvador no horÃ¡rio 12h. Share atual: 0.0%. Demanda (pico) no cluster: 663 tickets; heavy users: 36%.
1;35.7;12;18601.11;8;Fortaleza â†’ Salvador;Viação 238;663;36;0;450.99;Sugerir Viação 238 na rota Fortaleza â†’ Salvador no horÃ¡rio 12h. Share atual: 0.0%. Demanda (pico) no cluster: 663 tickets; heavy users: 36%.
1;35.7;12;18601.11;9;Fortaleza â†’ Salvador;Viação 268;663;36;0;450.99;Sugerir Viação 268 na rota Fortaleza â†’ Salvador no horÃ¡rio 12h. Share atual: 0.0%. Demanda (pico) no cluster: 663 tickets; heavy users: 36%.
1;35.7;12;18601.11;10;Fortaleza â†’ Salvador;Viação 284;663;36;0;450.99;Sugerir Viação 284 na rota Fortaleza â†’ Salvador no horÃ¡rio 12h. Share atual: 0.0%. Demanda (pico) no cluster: 663 tickets; heavy users: 36%.
2;80.6;10;70193.08;1;Salvador â†’ Fortaleza;Viação 268;2317;66;0;1922.94;Sugerir Viação 268 na rota Salvador â†’ Fortaleza no horÃ¡rio 10h. Share atual: 0.0%. Demanda (pico) no cluster: 2317 tickets; heavy users: 66%.
2;80.6;10;70193.08;2;Salvador â†’ Fortaleza;Viação 017;2317;66;0;1922.94;Sugerir Viação 017 na rota Salvador â†’ Fortaleza no horÃ¡rio 10h. Share atual: 0.0%. Demanda (pico) no cluster: 2317 tickets; heavy users: 66%.
2;80.6;10;70193.08;3;Salvador â†’ Fortaleza;Viação 182;2317;66;0;1922.94;Sugerir Viação 182 na rota Salvador â†’ Fortaleza no horÃ¡rio 10h. Share atual: 0.0%. Demanda (pico) no cluster: 2317 tickets; heavy users: 66%.
2;80.6;10;70193.08;4;Salvador â†’ Fortaleza;Viação 055;2317;66;0;1922.94;Sugerir Viação 055 na rota Salvador â†’ Fortaleza no horÃ¡rio 10h. Share atual: 0.0%. Demanda (pico) no cluster: 2317 tickets; heavy users: 66%.
2;80.6;10;70193.08;5;Salvador â†’ Fortaleza;Viação 070;2317;66;0;1922.94;Sugerir Viação 070 na rota Salvador â†’ Fortaleza no horÃ¡rio 10h. Share atual: 0.0%. Demanda (pico) no cluster: 2317 tickets; heavy users: 66%.
2;80.6;10;70193.08;6;Salvador â†’ Fortaleza;Viação 259;2317;66;0;1922.94;Sugerir Viação 259 na rota Salvador â†’ Fortaleza no horÃ¡rio 10h. Share atual: 0.0%. Demanda (pico) no cluster: 2317 tickets; heavy users: 66%.
2;80.6;10;70193.08;7;Salvador â†’ Fortaleza;Viação 235;2317;66;0;1922.94;Sugerir Viação 235 na rota Salvador â†’ Fortaleza no horÃ¡rio 10h. Share atual: 0.0%. Demanda (pico) no cluster: 2317 tickets; heavy users: 66%.
2;80.6;10;70193.08;8;Salvador â†’ Fortaleza;Viação 094;2317;66;0;1922.94;Sugerir Viação 094 na rota Salvador â†’ Fortaleza no horÃ¡rio 10h. Share atual: 0.0%. Demanda (pico) no cluster: 2317 tickets; heavy users: 66%.
2;80.6;10;70193.08;9;Salvador â†’ Fortaleza;Viação 146;2317;66;0;1922.94;Sugerir Viação 146 na rota Salvador â†’ Fortaleza no horÃ¡rio 10h. Share atual: 0.0%. Demanda (pico) no cluster: 2317 tickets; heavy users: 66%.
2;80.6;10;70193.08;10;Salvador â†’ Fortaleza;Viação 209;2317;66;0;1922.94;Sugerir Viação 209 na rota Salvador â†’ Fortaleza no horÃ¡rio 10h. Share atual: 0.0%. Demanda (pico) no cluster: 2317 tickets; heavy users: 66%.
2;80.6;11;74431.6;1;Salvador â†’ Fortaleza;Viação 268;2450;62.9;0;1996.02;Sugerir Viação 268 na rota Salvador â†’ Fortaleza no horÃ¡rio 11h. Share atual: 0.0%. Demanda (pico) no cluster: 2450 tickets; heavy users: 63%.
2;80.6;11;74431.6;2;Salvador â†’ Fortaleza;Viação 235;2450;62.9;0;1996.02;Sugerir Viação 235 na rota Salvador â†’ Fortaleza no horÃ¡rio 11h. Share atual: 0.0%. Demanda (pico) no cluster: 2450 tickets; heavy users: 63%.
2;80.6;11;74431.6;3;Salvador â†’ Fortaleza;Viação 182;2450;62.9;0;1996.02;Sugerir Viação 182 na rota Salvador â†’ Fortaleza no horÃ¡rio 11h. Share atual: 0.0%. Demanda (pico) no cluster: 2450 tickets; heavy users: 63%.
2;80.6;11;74431.6;4;Salvador â†’ Fortaleza;Viação 017;2450;62.9;0;1996.02;Sugerir Viação 017 na rota Salvador â†’ Fortaleza no horÃ¡rio 11h. Share atual: 0.0%. Demanda (pico) no cluster: 2450 tickets; heavy users: 63%.
2;80.6;11;74431.6;5;Salvador â†’ Fortaleza;Viação 170;2450;62.9;0;1996.02;Sugerir Viação 170 na rota Salvador â†’ Fortaleza no horÃ¡rio 11h. Share atual: 0.0%. Demanda (pico) no cluster: 2450 tickets; heavy users: 63%.
2;80.6;11;74431.6;6;Salvador â†’ Fortaleza;Viação 161;2450;62.9;0;1996.02;Sugerir Viação 161 na rota Salvador â†’ Fortaleza no horÃ¡rio 11h. Share atual: 0.0%. Demanda (pico) no cluster: 2450 tickets; heavy users: 63%.
2;80.6;11;74431.6;7;Salvador â†’ Fortaleza;Viação 195;2450;62.9;0;1996.02;Sugerir Viação 195 na rota Salvador â†’ Fortaleza no horÃ¡rio 11h. Share atual: 0.0%. Demanda (pico) no cluster: 2450 tickets; heavy users: 63%.
2;80.6;11;74431.6;8;Salvador â†’ Fortaleza;Viação 146;2450;62.9;0;1996.02;Sugerir Viação 146 na rota Salvador â†’ Fortaleza no horÃ¡rio 11h. Share atual: 0.0%. Demanda (pico) no cluster: 2450 tickets; heavy users: 63%.
2;80.6;11;74431.6;9;Salvador â†’ Fortaleza;Viação 209;2450;62.9;0;1996.02;Sugerir Viação 209 na rota Salvador â†’ Fortaleza no horÃ¡rio 11h. Share atual: 0.0%. Demanda (pico) no cluster: 2450 tickets; heavy users: 63%.
2;80.6;11;74431.6;10;Salvador â†’ Fortaleza;Viação 259;2450;62.9;0;1996.02;Sugerir Viação 259 na rota Salvador â†’ Fortaleza no horÃ¡rio 11h. Share atual: 0.0%. Demanda (pico) no cluster: 2450 tickets; heavy users: 63%.
2;80.6;13;73369.73;1;Salvador â†’ Fortaleza;Viação 070;2574;62.7;0;2094.15;Sugerir Viação 070 na rota Salvador â†’ Fortaleza no horÃ¡rio 13h. Share atual: 0.0%. Demanda (pico) no cluster: 2574 tickets; heavy users: 63%.
2;80.6;13;73369.73;2;Salvador â†’ Fortaleza;Viação 235;2574;62.7;0;2094.15;Sugerir Viação 235 na rota Salvador â†’ Fortaleza no horÃ¡rio 13h. Share atual: 0.0%. Demanda (pico) no cluster: 2574 tickets; heavy users: 63%.
2;80.6;13;73369.73;3;Salvador â†’ Fortaleza;Viação 146;2574;62.7;0;2094.15;Sugerir Viação 146 na rota Salvador â†’ Fortaleza no horÃ¡rio 13h. Share atual: 0.0%. Demanda (pico) no cluster: 2574 tickets; heavy users: 63%.
2;80.6;13;73369.73;4;Salvador â†’ Fortaleza;Viação 094;2574;62.7;0;2094.15;Sugerir Viação 094 na rota Salvador â†’ Fortaleza no horÃ¡rio 13h. Share atual: 0.0%. Demanda (pico) no cluster: 2574 tickets; heavy users: 63%.
2;80.6;13;73369.73;5;Salvador â†’ Fortaleza;Viação 161;2574;62.7;0;2094.15;Sugerir Viação 161 na rota Salvador â†’ Fortaleza no horÃ¡rio 13h. Share atual: 0.0%. Demanda (pico) no cluster: 2574 tickets; heavy users: 63%.
2;80.6;13;73369.73;6;Salvador â†’ Fortaleza;Viação 170;2574;62.7;0;2094.15;Sugerir Viação 170 na rota Salvador â†’ Fortaleza no horÃ¡rio 13h. Share atual: 0.0%. Demanda (pico) no cluster: 2574 tickets; heavy users: 63%.
2;80.6;13;73369.73;7;Salvador â†’ Fortaleza;Viação 017;2574;62.7;0;2094.15;Sugerir Viação 017 na rota Salvador â†’ Fortaleza no horÃ¡rio 13h. Share atual: 0.0%. Demanda (pico) no cluster: 2574 tickets; heavy users: 63%.
2;80.6;13;73369.73;8;Salvador â†’ Fortaleza;Viação 182;2574;62.7;0;2094.15;Sugerir Viação 182 na rota Salvador â†’ Fortaleza no horÃ¡rio 13h. Share atual: 0.0%. Demanda (pico) no cluster: 2574 tickets; heavy users: 63%.
2;80.6;13;73369.73;9;Salvador â†’ Fortaleza;Viação 055;2574;62.7;0;2094.15;Sugerir Viação 055 na rota Salvador â†’ Fortaleza no horÃ¡rio 13h. Share atual: 0.0%. Demanda (pico) no cluster: 2574 tickets; heavy users: 63%.
2;80.6;13;73369.73;10;Salvador â†’ Fortaleza;Viação 268;2574;62.7;0;2094.15;Sugerir Viação 268 na rota Salvador â†’ Fortaleza no horÃ¡rio 13h. Share atual: 0.0%. Demanda (pico) no cluster: 2574 tickets; heavy users: 63%.
2;80.6;14;73848.93;1;Salvador â†’ Fortaleza;Viação 017;2491;65.4;0;2059.73;Sugerir Viação 017 na rota Salvador â†’ Fortaleza no horÃ¡rio 14h. Share atual: 0.0%. Demanda (pico) no cluster: 2491 tickets; heavy users: 65%.
2;80.6;14;73848.93;2;Salvador â†’ Fortaleza;Viação 259;2491;65.4;0;2059.73;Sugerir Viação 259 na rota Salvador â†’ Fortaleza no horÃ¡rio 14h. Share atual: 0.0%. Demanda (pico) no cluster: 2491 tickets; heavy users: 65%.
2;80.6;14;73848.93;3;Salvador â†’ Fortaleza;Viação 235;2491;65.4;0;2059.73;Sugerir Viação 235 na rota Salvador â†’ Fortaleza no horÃ¡rio 14h. Share atual: 0.0%. Demanda (pico) no cluster: 2491 tickets; heavy users: 65%.
2;80.6;14;73848.93;4;Salvador â†’ Fortaleza;Viação 146;2491;65.4;0;2059.73;Sugerir Viação 146 na rota Salvador â†’ Fortaleza no horÃ¡rio 14h. Share atual: 0.0%. Demanda (pico) no cluster: 2491 tickets; heavy users: 65%.
2;80.6;14;73848.93;5;Salvador â†’ Fortaleza;Viação 161;2491;65.4;0;2059.73;Sugerir Viação 161 na rota Salvador â†’ Fortaleza no horÃ¡rio 14h. Share atual: 0.0%. Demanda (pico) no cluster: 2491 tickets; heavy users: 65%.
2;80.6;14;73848.93;6;Salvador â†’ Fortaleza;Viação 170;2491;65.4;0;2059.73;Sugerir Viação 170 na rota Salvador â†’ Fortaleza no horÃ¡rio 14h. Share atual: 0.0%. Demanda (pico) no cluster: 2491 tickets; heavy users: 65%.
2;80.6;14;73848.93;7;Salvador â†’ Fortaleza;Viação 209;2491;65.4;0;2059.73;Sugerir Viação 209 na rota Salvador â†’ Fortaleza no horÃ¡rio 14h. Share atual: 0.0%. Demanda (pico) no cluster: 2491 tickets; heavy users: 65%.
2;80.6;14;73848.93;8;Salvador â†’ Fortaleza;Viação 182;2491;65.4;0;2059.73;Sugerir Viação 182 na rota Salvador â†’ Fortaleza no horÃ¡rio 14h. Share atual: 0.0%. Demanda (pico) no cluster: 2491 tickets; heavy users: 65%.
2;80.6;14;73848.93;9;Salvador â†’ Fortaleza;Viação 268;2491;65.4;0;2059.73;Sugerir Viação 268 na rota Salvador â†’ Fortaleza no horÃ¡rio 14h. Share atual: 0.0%. Demanda (pico) no cluster: 2491 tickets; heavy users: 65%.
2;80.6;14;73848.93;10;Salvador â†’ Fortaleza;Viação 195;2491;65.4;0;2059.73;Sugerir Viação 195 na rota Salvador â†’ Fortaleza no horÃ¡rio 14h. Share atual: 0.0%. Demanda (pico) no cluster: 2491 tickets; heavy users: 65%.
2;80.6;15;70221.46;1;Salvador â†’ Fortaleza;Viação 259;2530;62.9;0;2060.49;Sugerir Viação 259 na rota Salvador â†’ Fortaleza no horÃ¡rio 15h. Share atual: 0.0%. Demanda (pico) no cluster: 2530 tickets; heavy users: 63%.
2;80.6;15;70221.46;2;Salvador â†’ Fortaleza;Viação 094;2530;62.9;0;2060.49;Sugerir Viação 094 na rota Salvador â†’ Fortaleza no horÃ¡rio 15h. Share atual: 0.0%. Demanda (pico) no cluster: 2530 tickets; heavy users: 63%.
2;80.6;15;70221.46;3;Salvador â†’ Fortaleza;Viação 055;2530;62.9;0;2060.49;Sugerir Viação 055 na rota Salvador â†’ Fortaleza no horÃ¡rio 15h. Share atual: 0.0%. Demanda (pico) no cluster: 2530 tickets; heavy users: 63%.
2;80.6;15;70221.46;4;Salvador â†’ Fortaleza;Viação 268;2530;62.9;0;2060.49;Sugerir Viação 268 na rota Salvador â†’ Fortaleza no horÃ¡rio 15h. Share atual: 0.0%. Demanda (pico) no cluster: 2530 tickets; heavy users: 63%.
2;80.6;15;70221.46;5;Salvador â†’ Fortaleza;Viação 209;2530;62.9;0;2060.49;Sugerir Viação 209 na rota Salvador â†’ Fortaleza no horÃ¡rio 15h. Share atual: 0.0%. Demanda (pico) no cluster: 2530 tickets; heavy users: 63%.
2;80.6;15;70221.46;6;Salvador â†’ Fortaleza;Viação 182;2530;62.9;0;2060.49;Sugerir Viação 182 na rota Salvador â†’ Fortaleza no horÃ¡rio 15h. Share atual: 0.0%. Demanda (pico) no cluster: 2530 tickets; heavy users: 63%.
2;80.6;15;70221.46;7;Salvador â†’ Fortaleza;Viação 017;2530;62.9;0;2060.49;Sugerir Viação 017 na rota Salvador â†’ Fortaleza no horÃ¡rio 15h. Share atual: 0.0%. Demanda (pico) no cluster: 2530 tickets; heavy users: 63%.
2;80.6;15;70221.46;8;Salvador â†’ Fortaleza;Viação 170;2530;62.9;0;2060.49;Sugerir Viação 170 na rota Salvador â†’ Fortaleza no horÃ¡rio 15h. Share atual: 0.0%. Demanda (pico) no cluster: 2530 tickets; heavy users: 63%.
2;80.6;15;70221.46;9;Salvador â†’ Fortaleza;Viação 161;2530;62.9;0;2060.49;Sugerir Viação 161 na rota Salvador â†’ Fortaleza no horÃ¡rio 15h. Share atual: 0.0%. Demanda (pico) no cluster: 2530 tickets; heavy users: 63%.
2;80.6;15;70221.46;10;Salvador â†’ Fortaleza;Viação 195;2530;62.9;0;2060.49;Sugerir Viação 195 na rota Salvador â†’ Fortaleza no horÃ¡rio 15h. Share atual: 0.0%. Demanda (pico) no cluster: 2530 tickets; heavy users: 63%.
3;35.4;18;14328.13;1;Salvador â†’ Fortaleza;Viação 259;608;33.1;0;404.56;Sugerir Viação 259 na rota Salvador â†’ Fortaleza no horÃ¡rio 18h. Share atual: 0.0%. Demanda (pico) no cluster: 608 tickets; heavy users: 33%.
3;35.4;18;14328.13;2;Salvador â†’ Fortaleza;Viação 268;608;33.1;0;404.56;Sugerir Viação 268 na rota Salvador â†’ Fortaleza no horÃ¡rio 18h. Share atual: 0.0%. Demanda (pico) no cluster: 608 tickets; heavy users: 33%.
3;35.4;18;14328.13;3;Salvador â†’ Fortaleza;Viação 235;608;33.1;0;404.56;Sugerir Viação 235 na rota Salvador â†’ Fortaleza no horÃ¡rio 18h. Share atual: 0.0%. Demanda (pico) no cluster: 608 tickets; heavy users: 33%.
3;35.4;18;14328.13;4;Salvador â†’ Fortaleza;Viação 017;608;33.1;0;404.56;Sugerir Viação 017 na rota Salvador â†’ Fortaleza no horÃ¡rio 18h. Share atual: 0.0%. Demanda (pico) no cluster: 608 tickets; heavy users: 33%.
3;35.4;18;14328.13;5;Salvador â†’ Fortaleza;Viação 209;608;33.1;0;404.56;Sugerir Viação 209 na rota Salvador â†’ Fortaleza no horÃ¡rio 18h. Share atual: 0.0%. Demanda (pico) no cluster: 608 tickets; heavy users: 33%.
3;35.4;18;14328.13;6;Salvador â†’ Fortaleza;Viação 055;608;33.1;0;404.56;Sugerir Viação 055 na rota Salvador â†’ Fortaleza no horÃ¡rio 18h. Share atual: 0.0%. Demanda (pico) no cluster: 608 tickets; heavy users: 33%.
3;35.4;18;14328.13;7;Salvador â†’ Fortaleza;Viação 070;608;33.1;0;404.56;Sugerir Viação 070 na rota Salvador â†’ Fortaleza no horÃ¡rio 18h. Share atual: 0.0%. Demanda (pico) no cluster: 608 tickets; heavy users: 33%.
3;35.4;18;14328.13;8;Salvador â†’ Fortaleza;Viação 195;608;33.1;0;404.56;Sugerir Viação 195 na rota Salvador â†’ Fortaleza no horÃ¡rio 18h. Share atual: 0.0%. Demanda (pico) no cluster: 608 tickets; heavy users: 33%.
3;35.4;18;14328.13;9;Salvador â†’ Fortaleza;Viação 094;608;33.1;0;404.56;Sugerir Viação 094 na rota Salvador â†’ Fortaleza no horÃ¡rio 18h. Share atual: 0.0%. Demanda (pico) no cluster: 608 tickets; heavy users: 33%.
3;35.4;18;14328.13;10;Salvador â†’ Fortaleza;Viação 182;608;33.1;0;404.56;Sugerir Viação 182 na rota Salvador â†’ Fortaleza no horÃ¡rio 18h. Share atual: 0.0%. Demanda (pico) no cluster: 608 tickets; heavy users: 33%.
3;35.4;19;15965.28;1;Fortaleza â†’ Salvador;Viação 235;818;28.9;0;527.27;Sugerir Viação 235 na rota Fortaleza â†’ Salvador no horÃ¡rio 19h. Share atual: 0.0%. Demanda (pico) no cluster: 818 tickets; heavy users: 29%.
3;35.4;19;15965.28;2;Fortaleza â†’ Salvador;Viação 284;818;28.9;0;527.27;Sugerir Viação 284 na rota Fortaleza â†’ Salvador no horÃ¡rio 19h. Share atual: 0.0%. Demanda (pico) no cluster: 818 tickets; heavy users: 29%.
3;35.4;19;15965.28;3;Fortaleza â†’ Salvador;Viação 268;818;28.9;0;527.27;Sugerir Viação 268 na rota Fortaleza â†’ Salvador no horÃ¡rio 19h. Share atual: 0.0%. Demanda (pico) no cluster: 818 tickets; heavy users: 29%.
3;35.4;19;15965.28;4;Fortaleza â†’ Salvador;Viação 238;818;28.9;0;527.27;Sugerir Viação 238 na rota Fortaleza â†’ Salvador no horÃ¡rio 19h. Share atual: 0.0%. Demanda (pico) no cluster: 818 tickets; heavy users: 29%.
3;35.4;19;15965.28;5;Fortaleza â†’ Salvador;Viação 204;818;28.9;0;527.27;Sugerir Viação 204 na rota Fortaleza â†’ Salvador no horÃ¡rio 19h. Share atual: 0.0%. Demanda (pico) no cluster: 818 tickets; heavy users: 29%.
3;35.4;19;15965.28;6;Fortaleza â†’ Salvador;Viação 152;818;28.9;0;527.27;Sugerir Viação 152 na rota Fortaleza â†’ Salvador no horÃ¡rio 19h. Share atual: 0.0%. Demanda (pico) no cluster: 818 tickets; heavy users: 29%.
3;35.4;19;15965.28;7;Fortaleza â†’ Salvador;Viação 138;818;28.9;0;527.27;Sugerir Viação 138 na rota Fortaleza â†’ Salvador no horÃ¡rio 19h. Share atual: 0.0%. Demanda (pico) no cluster: 818 tickets; heavy users: 29%.
3;35.4;19;15965.28;8;Fortaleza â†’ Salvador;Viação 105;818;28.9;0;527.27;Sugerir Viação 105 na rota Fortaleza â†’ Salvador no horÃ¡rio 19h. Share atual: 0.0%. Demanda (pico) no cluster: 818 tickets; heavy users: 29%.
3;35.4;19;15965.28;9;Fortaleza â†’ Salvador;Viação 086;818;28.9;0;527.27;Sugerir Viação 086 na rota Fortaleza â†’ Salvador no horÃ¡rio 19h. Share atual: 0.0%. Demanda (pico) no cluster: 818 tickets; heavy users: 29%.
3;35.4;19;15965.28;10;Fortaleza â†’ Salvador;Viação 081;818;28.9;0;527.27;Sugerir Viação 081 na rota Fortaleza â†’ Salvador no horÃ¡rio 19h. Share atual: 0.0%. Demanda (pico) no cluster: 818 tickets; heavy users: 29%.
3;35.4;20;16510.39;1;Fortaleza â†’ Salvador;Viação 105;765;28.7;0;492.44;Sugerir Viação 105 na rota Fortaleza â†’ Salvador no horÃ¡rio 20h. Share atual: 0.0%. Demanda (pico) no cluster: 765 tickets; heavy users: 29%.
3;35.4;20;16510.39;2;Fortaleza â†’ Salvador;Viação 010;765;28.7;0;492.44;Sugerir Viação 010 na rota Fortaleza â†’ Salvador no horÃ¡rio 20h. Share atual: 0.0%. Demanda (pico) no cluster: 765 tickets; heavy users: 29%.
3;35.4;20;16510.39;3;Fortaleza â†’ Salvador;Viação 002;765;28.7;0;492.44;Sugerir Viação 002 na rota Fortaleza â†’ Salvador no horÃ¡rio 20h. Share atual: 0.0%. Demanda (pico) no cluster: 765 tickets; heavy users: 29%.
3;35.4;20;16510.39;4;Fortaleza â†’ Salvador;Viação 026;765;28.7;0;492.44;Sugerir Viação 026 na rota Fortaleza â†’ Salvador no horÃ¡rio 20h. Share atual: 0.0%. Demanda (pico) no cluster: 765 tickets; heavy users: 29%.
3;35.4;20;16510.39;5;Fortaleza â†’ Salvador;Viação 062;765;28.7;0;492.44;Sugerir Viação 062 na rota Fortaleza â†’ Salvador no horÃ¡rio 20h. Share atual: 0.0%. Demanda (pico) no cluster: 765 tickets; heavy users: 29%.
3;35.4;20;16510.39;6;Fortaleza â†’ Salvador;Viação 069;765;28.7;0;492.44;Sugerir Viação 069 na rota Fortaleza â†’ Salvador no horÃ¡rio 20h. Share atual: 0.0%. Demanda (pico) no cluster: 765 tickets; heavy users: 29%.
3;35.4;20;16510.39;7;Fortaleza â†’ Salvador;Viação 081;765;28.7;0;492.44;Sugerir Viação 081 na rota Fortaleza â†’ Salvador no horÃ¡rio 20h. Share atual: 0.0%. Demanda (pico) no cluster: 765 tickets; heavy users: 29%.
3;35.4;20;16510.39;8;Fortaleza â†’ Salvador;Viação 086;765;28.7;0;492.44;Sugerir Viação 086 na rota Fortaleza â†’ Salvador no horÃ¡rio 20h. Share atual: 0.0%. Demanda (pico) no cluster: 765 tickets; heavy users: 29%.
3;35.4;20;16510.39;9;Fortaleza â†’ Salvador;Viação 284;765;28.7;0;492.44;Sugerir Viação 284 na rota Fortaleza â†’ Salvador no horÃ¡rio 20h. Share atual: 0.0%. Demanda (pico) no cluster: 765 tickets; heavy users: 29%.
3;35.4;20;16510.39;10;Fortaleza â†’ Salvador;Viação 235;765;28.7;0;492.44;Sugerir Viação 235 na rota Fortaleza â†’ Salvador no horÃ¡rio 20h. Share atual: 0.0%. Demanda (pico) no cluster: 765 tickets; heavy users: 29%.
3;35.4;21;17298.14;1;Salvador â†’ Fortaleza;Viação 268;781;34.9;0;526.59;Sugerir Viação 268 na rota Salvador â†’ Fortaleza no horÃ¡rio 21h. Share atual: 0.0%. Demanda (pico) no cluster: 781 tickets; heavy users: 35%.
3;35.4;21;17298.14;2;Salvador â†’ Fortaleza;Viação 017;781;34.9;0;526.59;Sugerir Viação 017 na rota Salvador â†’ Fortaleza no horÃ¡rio 21h. Share atual: 0.0%. Demanda (pico) no cluster: 781 tickets; heavy users: 35%.
3;35.4;21;17298.14;3;Salvador â†’ Fortaleza;Viação 055;781;34.9;0;526.59;Sugerir Viação 055 na rota Salvador â†’ Fortaleza no horÃ¡rio 21h. Share atual: 0.0%. Demanda (pico) no cluster: 781 tickets; heavy users: 35%.
3;35.4;21;17298.14;4;Salvador â†’ Fortaleza;Viação 070;781;34.9;0;526.59;Sugerir Viação 070 na rota Salvador â†’ Fortaleza no horÃ¡rio 21h. Share atual: 0.0%. Demanda (pico) no cluster: 781 tickets; heavy users: 35%.
3;35.4;21;17298.14;5;Salvador â†’ Fortaleza;Viação 094;781;34.9;0;526.59;Sugerir Viação 094 na rota Salvador â†’ Fortaleza no horÃ¡rio 21h. Share atual: 0.0%. Demanda (pico) no cluster: 781 tickets; heavy users: 35%.
3;35.4;21;17298.14;6;Salvador â†’ Fortaleza;Viação 235;781;34.9;0;526.59;Sugerir Viação 235 na rota Salvador â†’ Fortaleza no horÃ¡rio 21h. Share atual: 0.0%. Demanda (pico) no cluster: 781 tickets; heavy users: 35%.
3;35.4;21;17298.14;7;Salvador â†’ Fortaleza;Viação 146;781;34.9;0;526.59;Sugerir Viação 146 na rota Salvador â†’ Fortaleza no horÃ¡rio 21h. Share atual: 0.0%. Demanda (pico) no cluster: 781 tickets; heavy users: 35%.
3;35.4;21;17298.14;8;Salvador â†’ Fortaleza;Viação 161;781;34.9;0;526.59;Sugerir Viação 161 na rota Salvador â†’ Fortaleza no horÃ¡rio 21h. Share atual: 0.0%. Demanda (pico) no cluster: 781 tickets; heavy users: 35%.
3;35.4;21;17298.14;9;Salvador â†’ Fortaleza;Viação 170;781;34.9;0;526.59;Sugerir Viação 170 na rota Salvador â†’ Fortaleza no horÃ¡rio 21h. Share atual: 0.0%. Demanda (pico) no cluster: 781 tickets; heavy users: 35%.
3;35.4;21;17298.14;10;Salvador â†’ Fortaleza;Viação 259;781;34.9;0;526.59;Sugerir Viação 259 na rota Salvador â†’ Fortaleza no horÃ¡rio 21h. Share atual: 0.0%. Demanda (pico) no cluster: 781 tickets; heavy users: 35%.
3;35.4;22;15668.15;1;Fortaleza â†’ Salvador;Viação 010;798;30.8;0;521.76;Sugerir Viação 010 na rota Fortaleza â†’ Salvador no horÃ¡rio 22h. Share atual: 0.0%. Demanda (pico) no cluster: 798 tickets; heavy users: 31%.
3;35.4;22;15668.15;2;Fortaleza â†’ Salvador;Viação 081;798;30.8;0;521.76;Sugerir Viação 081 na rota Fortaleza â†’ Salvador no horÃ¡rio 22h. Share atual: 0.0%. Demanda (pico) no cluster: 798 tickets; heavy users: 31%.
3;35.4;22;15668.15;3;Fortaleza â†’ Salvador;Viação 069;798;30.8;0;521.76;Sugerir Viação 069 na rota Fortaleza â†’ Salvador no horÃ¡rio 22h. Share atual: 0.0%. Demanda (pico) no cluster: 798 tickets; heavy users: 31%.
3;35.4;22;15668.15;4;Fortaleza â†’ Salvador;Viação 002;798;30.8;0;521.76;Sugerir Viação 002 na rota Fortaleza â†’ Salvador no horÃ¡rio 22h. Share atual: 0.0%. Demanda (pico) no cluster: 798 tickets; heavy users: 31%.
3;35.4;22;15668.15;5;Fortaleza â†’ Salvador;Viação 138;798;30.8;0;521.76;Sugerir Viação 138 na rota Fortaleza â†’ Salvador no horÃ¡rio 22h. Share atual: 0.0%. Demanda (pico) no cluster: 798 tickets; heavy users: 31%.
3;35.4;22;15668.15;6;Fortaleza â†’ Salvador;Viação 268;798;30.8;0;521.76;Sugerir Viação 268 na rota Fortaleza â†’ Salvador no horÃ¡rio 22h. Share atual: 0.0%. Demanda (pico) no cluster: 798 tickets; heavy users: 31%.
3;35.4;22;15668.15;7;Fortaleza â†’ Salvador;Viação 026;798;30.8;0;521.76;Sugerir Viação 026 na rota Fortaleza â†’ Salvador no horÃ¡rio 22h. Share atual: 0.0%. Demanda (pico) no cluster: 798 tickets; heavy users: 31%.
3;35.4;22;15668.15;8;Fortaleza â†’ Salvador;Viação 152;798;30.8;0;521.76;Sugerir Viação 152 na rota Fortaleza â†’ Salvador no horÃ¡rio 22h. Share atual: 0.0%. Demanda (pico) no cluster: 798 tickets; heavy users: 31%.
3;35.4;22;15668.15;9;Fortaleza â†’ Salvador;Viação 105;798;30.8;0;521.76;Sugerir Viação 105 na rota Fortaleza â†’ Salvador no horÃ¡rio 22h. Share atual: 0.0%. Demanda (pico) no cluster: 798 tickets; heavy users: 31%.
3;35.4;22;15668.15;10;Fortaleza â†’ Salvador;Viação 284;798;30.8;0;521.76;Sugerir Viação 284 na rota Fortaleza â†’ Salvador no horÃ¡rio 22h. Share atual: 0.0%. Demanda (pico) no cluster: 798 tickets; heavy users: 31%.
4;54.9;11;57090.45;1;Fortaleza â†’ Salvador;Viação 284;1710;53.8;0;1315.22;Sugerir Viação 284 na rota Fortaleza â†’ Salvador no horÃ¡rio 11h. Share atual: 0.0%. Demanda (pico) no cluster: 1710 tickets; heavy users: 54%.
4;54.9;11;57090.45;2;Fortaleza â†’ Salvador;Viação 235;1710;53.8;0;1315.22;Sugerir Viação 235 na rota Fortaleza â†’ Salvador no horÃ¡rio 11h. Share atual: 0.0%. Demanda (pico) no cluster: 1710 tickets; heavy users: 54%.
4;54.9;11;57090.45;3;Fortaleza â†’ Salvador;Viação 268;1710;53.8;0;1315.22;Sugerir Viação 268 na rota Fortaleza â†’ Salvador no horÃ¡rio 11h. Share atual: 0.0%. Demanda (pico) no cluster: 1710 tickets; heavy users: 54%.
4;54.9;11;57090.45;4;Fortaleza â†’ Salvador;Viação 238;1710;53.8;0;1315.22;Sugerir Viação 238 na rota Fortaleza â†’ Salvador no horÃ¡rio 11h. Share atual: 0.0%. Demanda (pico) no cluster: 1710 tickets; heavy users: 54%.
4;54.9;11;57090.45;5;Fortaleza â†’ Salvador;Viação 204;1710;53.8;0;1315.22;Sugerir Viação 204 na rota Fortaleza â†’ Salvador no horÃ¡rio 11h. Share atual: 0.0%. Demanda (pico) no cluster: 1710 tickets; heavy users: 54%.
4;54.9;11;57090.45;6;Fortaleza â†’ Salvador;Viação 152;1710;53.8;0;1315.22;Sugerir Viação 152 na rota Fortaleza â†’ Salvador no horÃ¡rio 11h. Share atual: 0.0%. Demanda (pico) no cluster: 1710 tickets; heavy users: 54%.
4;54.9;11;57090.45;7;Fortaleza â†’ Salvador;Viação 138;1710;53.8;0;1315.22;Sugerir Viação 138 na rota Fortaleza â†’ Salvador no horÃ¡rio 11h. Share atual: 0.0%. Demanda (pico) no cluster: 1710 tickets; heavy users: 54%.
4;54.9;11;57090.45;8;Fortaleza â†’ Salvador;Viação 002;1710;53.8;0;1315.22;Sugerir Viação 002 na rota Fortaleza â†’ Salvador no horÃ¡rio 11h. Share atual: 0.0%. Demanda (pico) no cluster: 1710 tickets; heavy users: 54%.
4;54.9;11;57090.45;9;Fortaleza â†’ Salvador;Viação 105;1710;53.8;0;1315.22;Sugerir Viação 105 na rota Fortaleza â†’ Salvador no horÃ¡rio 11h. Share atual: 0.0%. Demanda (pico) no cluster: 1710 tickets; heavy users: 54%.
4;54.9;11;57090.45;10;Fortaleza â†’ Salvador;Viação 086;1710;53.8;0;1315.22;Sugerir Viação 086 na rota Fortaleza â†’ Salvador no horÃ¡rio 11h. Share atual: 0.0%. Demanda (pico) no cluster: 1710 tickets; heavy users: 54%.
4;54.9;12;58766.05;1;Fortaleza â†’ Salvador;Viação 204;1708;53.1;0;1307.5;Sugerir Viação 204 na rota Fortaleza â†’ Salvador no horÃ¡rio 12h. Share atual: 0.0%. Demanda (pico) no cluster: 1708 tickets; heavy users: 53%.
4;54.9;12;58766.05;2;Fortaleza â†’ Salvador;Viação 010;1708;53.1;0;1307.5;Sugerir Viação 010 na rota Fortaleza â†’ Salvador no horÃ¡rio 12h. Share atual: 0.0%. Demanda (pico) no cluster: 1708 tickets; heavy users: 53%.
4;54.9;12;58766.05;3;Fortaleza â†’ Salvador;Viação 284;1708;53.1;0;1307.5;Sugerir Viação 284 na rota Fortaleza â†’ Salvador no horÃ¡rio 12h. Share atual: 0.0%. Demanda (pico) no cluster: 1708 tickets; heavy users: 53%.
4;54.9;12;58766.05;4;Fortaleza â†’ Salvador;Viação 026;1708;53.1;0;1307.5;Sugerir Viação 026 na rota Fortaleza â†’ Salvador no horÃ¡rio 12h. Share atual: 0.0%. Demanda (pico) no cluster: 1708 tickets; heavy users: 53%.
4;54.9;12;58766.05;5;Fortaleza â†’ Salvador;Viação 086;1708;53.1;0;1307.5;Sugerir Viação 086 na rota Fortaleza â†’ Salvador no horÃ¡rio 12h. Share atual: 0.0%. Demanda (pico) no cluster: 1708 tickets; heavy users: 53%.
4;54.9;12;58766.05;6;Fortaleza â†’ Salvador;Viação 081;1708;53.1;0;1307.5;Sugerir Viação 081 na rota Fortaleza â†’ Salvador no horÃ¡rio 12h. Share atual: 0.0%. Demanda (pico) no cluster: 1708 tickets; heavy users: 53%.
4;54.9;12;58766.05;7;Fortaleza â†’ Salvador;Viação 268;1708;53.1;0;1307.5;Sugerir Viação 268 na rota Fortaleza â†’ Salvador no horÃ¡rio 12h. Share atual: 0.0%. Demanda (pico) no cluster: 1708 tickets; heavy users: 53%.
4;54.9;12;58766.05;8;Fortaleza â†’ Salvador;Viação 138;1708;53.1;0;1307.5;Sugerir Viação 138 na rota Fortaleza â†’ Salvador no horÃ¡rio 12h. Share atual: 0.0%. Demanda (pico) no cluster: 1708 tickets; heavy users: 53%.
4;54.9;12;58766.05;9;Fortaleza â†’ Salvador;Viação 002;1708;53.1;0;1307.5;Sugerir Viação 002 na rota Fortaleza â†’ Salvador no horÃ¡rio 12h. Share atual: 0.0%. Demanda (pico) no cluster: 1708 tickets; heavy users: 53%.
4;54.9;12;58766.05;10;Fortaleza â†’ Salvador;Viação 238;1708;53.1;0;1307.5;Sugerir Viação 238 na rota Fortaleza â†’ Salvador no horÃ¡rio 12h. Share atual: 0.0%. Demanda (pico) no cluster: 1708 tickets; heavy users: 53%.
4;54.9;13;58876.85;1;Salvador â†’ Fortaleza;Viação 055;1692;54.5;0;1306.69;Sugerir Viação 055 na rota Salvador â†’ Fortaleza no horÃ¡rio 13h. Share atual: 0.0%. Demanda (pico) no cluster: 1692 tickets; heavy users: 54%.
4;54.9;13;58876.85;2;Salvador â†’ Fortaleza;Viação 146;1692;54.5;0;1306.69;Sugerir Viação 146 na rota Salvador â†’ Fortaleza no horÃ¡rio 13h. Share atual: 0.0%. Demanda (pico) no cluster: 1692 tickets; heavy users: 54%.
4;54.9;13;58876.85;3;Salvador â†’ Fortaleza;Viação 195;1692;54.5;0;1306.69;Sugerir Viação 195 na rota Salvador â†’ Fortaleza no horÃ¡rio 13h. Share atual: 0.0%. Demanda (pico) no cluster: 1692 tickets; heavy users: 54%.
4;54.9;13;58876.85;4;Salvador â†’ Fortaleza;Viação 094;1692;54.5;0;1306.69;Sugerir Viação 094 na rota Salvador â†’ Fortaleza no horÃ¡rio 13h. Share atual: 0.0%. Demanda (pico) no cluster: 1692 tickets; heavy users: 54%.
4;54.9;13;58876.85;5;Salvador â†’ Fortaleza;Viação 235;1692;54.5;0;1306.69;Sugerir Viação 235 na rota Salvador â†’ Fortaleza no horÃ¡rio 13h. Share atual: 0.0%. Demanda (pico) no cluster: 1692 tickets; heavy users: 54%.
4;54.9;13;58876.85;6;Salvador â†’ Fortaleza;Viação 209;1692;54.5;0;1306.69;Sugerir Viação 209 na rota Salvador â†’ Fortaleza no horÃ¡rio 13h. Share atual: 0.0%. Demanda (pico) no cluster: 1692 tickets; heavy users: 54%.
4;54.9;13;58876.85;7;Salvador â†’ Fortaleza;Viação 268;1692;54.5;0;1306.69;Sugerir Viação 268 na rota Salvador â†’ Fortaleza no horÃ¡rio 13h. Share atual: 0.0%. Demanda (pico) no cluster: 1692 tickets; heavy users: 54%.
4;54.9;13;58876.85;8;Salvador â†’ Fortaleza;Viação 070;1692;54.5;0;1306.69;Sugerir Viação 070 na rota Salvador â†’ Fortaleza no horÃ¡rio 13h. Share atual: 0.0%. Demanda (pico) no cluster: 1692 tickets; heavy users: 54%.
4;54.9;13;58876.85;9;Salvador â†’ Fortaleza;Viação 259;1692;54.5;0;1306.69;Sugerir Viação 259 na rota Salvador â†’ Fortaleza no horÃ¡rio 13h. Share atual: 0.0%. Demanda (pico) no cluster: 1692 tickets; heavy users: 54%.
4;54.9;13;58876.85;10;Salvador â†’ Fortaleza;Viação 161;1692;54.5;0;1306.69;Sugerir Viação 161 na rota Salvador â†’ Fortaleza no horÃ¡rio 13h. Share atual: 0.0%. Demanda (pico) no cluster: 1692 tickets; heavy users: 54%.
4;54.9;14;55703.5;1;Fortaleza â†’ Salvador;Viação 081;1589;55;0;1231.82;Sugerir Viação 081 na rota Fortaleza â†’ Salvador no horÃ¡rio 14h. Share atual: 0.0%. Demanda (pico) no cluster: 1589 tickets; heavy users: 55%.
4;54.9;14;55703.5;2;Fortaleza â†’ Salvador;Viação 002;1589;55;0;1231.82;Sugerir Viação 002 na rota Fortaleza â†’ Salvador no horÃ¡rio 14h. Share atual: 0.0%. Demanda (pico) no cluster: 1589 tickets; heavy users: 55%.
4;54.9;14;55703.5;3;Fortaleza â†’ Salvador;Viação 284;1589;55;0;1231.82;Sugerir Viação 284 na rota Fortaleza â†’ Salvador no horÃ¡rio 14h. Share atual: 0.0%. Demanda (pico) no cluster: 1589 tickets; heavy users: 55%.
4;54.9;14;55703.5;4;Fortaleza â†’ Salvador;Viação 268;1589;55;0;1231.82;Sugerir Viação 268 na rota Fortaleza â†’ Salvador no horÃ¡rio 14h. Share atual: 0.0%. Demanda (pico) no cluster: 1589 tickets; heavy users: 55%.
4;54.9;14;55703.5;5;Fortaleza â†’ Salvador;Viação 238;1589;55;0;1231.82;Sugerir Viação 238 na rota Fortaleza â†’ Salvador no horÃ¡rio 14h. Share atual: 0.0%. Demanda (pico) no cluster: 1589 tickets; heavy users: 55%.
4;54.9;14;55703.5;6;Fortaleza â†’ Salvador;Viação 235;1589;55;0;1231.82;Sugerir Viação 235 na rota Fortaleza â†’ Salvador no horÃ¡rio 14h. Share atual: 0.0%. Demanda (pico) no cluster: 1589 tickets; heavy users: 55%.
4;54.9;14;55703.5;7;Fortaleza â†’ Salvador;Viação 204;1589;55;0;1231.82;Sugerir Viação 204 na rota Fortaleza â†’ Salvador no horÃ¡rio 14h. Share atual: 0.0%. Demanda (pico) no cluster: 1589 tickets; heavy users: 55%.
4;54.9;14;55703.5;8;Fortaleza â†’ Salvador;Viação 152;1589;55;0;1231.82;Sugerir Viação 152 na rota Fortaleza â†’ Salvador no horÃ¡rio 14h. Share atual: 0.0%. Demanda (pico) no cluster: 1589 tickets; heavy users: 55%.
4;54.9;14;55703.5;9;Fortaleza â†’ Salvador;Viação 138;1589;55;0;1231.82;Sugerir Viação 138 na rota Fortaleza â†’ Salvador no horÃ¡rio 14h. Share atual: 0.0%. Demanda (pico) no cluster: 1589 tickets; heavy users: 55%.
4;54.9;14;55703.5;10;Fortaleza â†’ Salvador;Viação 105;1589;55;0;1231.82;Sugerir Viação 105 na rota Fortaleza â†’ Salvador no horÃ¡rio 14h. Share atual: 0.0%. Demanda (pico) no cluster: 1589 tickets; heavy users: 55%.
4;54.9;15;52917.47;1;Salvador â†’ Fortaleza;Viação 209;1598;54.2;0;1232.29;Sugerir Viação 209 na rota Salvador â†’ Fortaleza no horÃ¡rio 15h. Share atual: 0.0%. Demanda (pico) no cluster: 1598 tickets; heavy users: 54%.
4;54.9;15;52917.47;2;Salvador â†’ Fortaleza;Viação 268;1598;54.2;0;1232.29;Sugerir Viação 268 na rota Salvador â†’ Fortaleza no horÃ¡rio 15h. Share atual: 0.0%. Demanda (pico) no cluster: 1598 tickets; heavy users: 54%.
4;54.9;15;52917.47;3;Salvador â†’ Fortaleza;Viação 259;1598;54.2;0;1232.29;Sugerir Viação 259 na rota Salvador â†’ Fortaleza no horÃ¡rio 15h. Share atual: 0.0%. Demanda (pico) no cluster: 1598 tickets; heavy users: 54%.
4;54.9;15;52917.47;4;Salvador â†’ Fortaleza;Viação 235;1598;54.2;0;1232.29;Sugerir Viação 235 na rota Salvador â†’ Fortaleza no horÃ¡rio 15h. Share atual: 0.0%. Demanda (pico) no cluster: 1598 tickets; heavy users: 54%.
4;54.9;15;52917.47;5;Salvador â†’ Fortaleza;Viação 195;1598;54.2;0;1232.29;Sugerir Viação 195 na rota Salvador â†’ Fortaleza no horÃ¡rio 15h. Share atual: 0.0%. Demanda (pico) no cluster: 1598 tickets; heavy users: 54%.
4;54.9;15;52917.47;6;Salvador â†’ Fortaleza;Viação 182;1598;54.2;0;1232.29;Sugerir Viação 182 na rota Salvador â†’ Fortaleza no horÃ¡rio 15h. Share atual: 0.0%. Demanda (pico) no cluster: 1598 tickets; heavy users: 54%.
4;54.9;15;52917.47;7;Salvador â†’ Fortaleza;Viação 170;1598;54.2;0;1232.29;Sugerir Viação 170 na rota Salvador â†’ Fortaleza no horÃ¡rio 15h. Share atual: 0.0%. Demanda (pico) no cluster: 1598 tickets; heavy users: 54%.
4;54.9;15;52917.47;8;Salvador â†’ Fortaleza;Viação 161;1598;54.2;0;1232.29;Sugerir Viação 161 na rota Salvador â†’ Fortaleza no horÃ¡rio 15h. Share atual: 0.0%. Demanda (pico) no cluster: 1598 tickets; heavy users: 54%.
4;54.9;15;52917.47;9;Salvador â†’ Fortaleza;Viação 146;1598;54.2;0;1232.29;Sugerir Viação 146 na rota Salvador â†’ Fortaleza no horÃ¡rio 15h. Share atual: 0.0%. Demanda (pico) no cluster: 1598 tickets; heavy users: 54%.
4;54.9;15;52917.47;10;Salvador â†’ Fortaleza;Viação 094;1598;54.2;0;1232.29;Sugerir Viação 094 na rota Salvador â†’ Fortaleza no horÃ¡rio 15h. Share atual: 0.0%. Demanda (pico) no cluster: 1598 tickets; heavy users: 54%.
5;67.7;11;1892.03;1;Salvador â†’ Fortaleza;Viação 055;141;48.4;0;104.61;Sugerir Viação 055 na rota Salvador â†’ Fortaleza no horÃ¡rio 11h. Share atual: 0.0%. Demanda (pico) no cluster: 141 tickets; heavy users: 48%.
5;67.7;11;1892.03;2;Salvador â†’ Fortaleza;Viação 017;141;48.4;0;104.61;Sugerir Viação 017 na rota Salvador â†’ Fortaleza no horÃ¡rio 11h. Share atual: 0.0%. Demanda (pico) no cluster: 141 tickets; heavy users: 48%.
5;67.7;11;1892.03;3;Salvador â†’ Fortaleza;Viação 268;141;48.4;0;104.61;Sugerir Viação 268 na rota Salvador â†’ Fortaleza no horÃ¡rio 11h. Share atual: 0.0%. Demanda (pico) no cluster: 141 tickets; heavy users: 48%.
5;67.7;11;1892.03;4;Salvador â†’ Fortaleza;Viação 170;141;48.4;0;104.61;Sugerir Viação 170 na rota Salvador â†’ Fortaleza no horÃ¡rio 11h. Share atual: 0.0%. Demanda (pico) no cluster: 141 tickets; heavy users: 48%.
5;67.7;11;1892.03;5;Salvador â†’ Fortaleza;Viação 259;141;48.4;0;104.61;Sugerir Viação 259 na rota Salvador â†’ Fortaleza no horÃ¡rio 11h. Share atual: 0.0%. Demanda (pico) no cluster: 141 tickets; heavy users: 48%.
5;67.7;11;1892.03;6;Salvador â†’ Fortaleza;Viação 070;141;48.4;0;104.61;Sugerir Viação 070 na rota Salvador â†’ Fortaleza no horÃ¡rio 11h. Share atual: 0.0%. Demanda (pico) no cluster: 141 tickets; heavy users: 48%.
5;67.7;11;1892.03;7;Salvador â†’ Fortaleza;Viação 195;141;48.4;0;104.61;Sugerir Viação 195 na rota Salvador â†’ Fortaleza no horÃ¡rio 11h. Share atual: 0.0%. Demanda (pico) no cluster: 141 tickets; heavy users: 48%.
5;67.7;11;1892.03;8;Salvador â†’ Fortaleza;Viação 235;141;48.4;0;104.61;Sugerir Viação 235 na rota Salvador â†’ Fortaleza no horÃ¡rio 11h. Share atual: 0.0%. Demanda (pico) no cluster: 141 tickets; heavy users: 48%.
5;67.7;11;1892.03;9;Salvador â†’ Fortaleza;Viação 182;141;48.4;0;104.61;Sugerir Viação 182 na rota Salvador â†’ Fortaleza no horÃ¡rio 11h. Share atual: 0.0%. Demanda (pico) no cluster: 141 tickets; heavy users: 48%.
5;67.7;11;1892.03;10;Salvador â†’ Fortaleza;Viação 094;141;48.4;0;104.61;Sugerir Viação 094 na rota Salvador â†’ Fortaleza no horÃ¡rio 11h. Share atual: 0.0%. Demanda (pico) no cluster: 141 tickets; heavy users: 48%.
5;67.7;12;1876.5;1;BrasÃ­lia â†’ BrasÃ­lia;Viação 197;110;56.5;0;86.08;Sugerir Viação 197 na rota BrasÃ­lia â†’ BrasÃ­lia no horÃ¡rio 12h. Share atual: 0.0%. Demanda (pico) no cluster: 110 tickets; heavy users: 57%.
5;67.7;12;1876.5;2;BrasÃ­lia â†’ BrasÃ­lia;Viação 003;110;56.5;0;86.08;Sugerir Viação 003 na rota BrasÃ­lia â†’ BrasÃ­lia no horÃ¡rio 12h. Share atual: 0.0%. Demanda (pico) no cluster: 110 tickets; heavy users: 57%.
5;67.7;12;1876.5;3;BrasÃ­lia â†’ BrasÃ­lia;Viação 198;110;56.5;0;86.08;Sugerir Viação 198 na rota BrasÃ­lia â†’ BrasÃ­lia no horÃ¡rio 12h. Share atual: 0.0%. Demanda (pico) no cluster: 110 tickets; heavy users: 57%.
5;67.7;12;1876.5;4;BrasÃ­lia â†’ BrasÃ­lia;Viação 149;110;56.5;0;86.08;Sugerir Viação 149 na rota BrasÃ­lia â†’ BrasÃ­lia no horÃ¡rio 12h. Share atual: 0.0%. Demanda (pico) no cluster: 110 tickets; heavy users: 57%.
5;67.7;12;1876.5;5;BrasÃ­lia â†’ BrasÃ­lia;Viação 138;110;56.5;0;86.08;Sugerir Viação 138 na rota BrasÃ­lia â†’ BrasÃ­lia no horÃ¡rio 12h. Share atual: 0.0%. Demanda (pico) no cluster: 110 tickets; heavy users: 57%.
5;67.7;12;1876.5;6;BrasÃ­lia â†’ BrasÃ­lia;Viação 062;110;56.5;0;86.08;Sugerir Viação 062 na rota BrasÃ­lia â†’ BrasÃ­lia no horÃ¡rio 12h. Share atual: 0.0%. Demanda (pico) no cluster: 110 tickets; heavy users: 57%.
5;67.7;12;1876.5;7;BrasÃ­lia â†’ BrasÃ­lia;Viação 132;110;56.5;0;86.08;Sugerir Viação 132 na rota BrasÃ­lia â†’ BrasÃ­lia no horÃ¡rio 12h. Share atual: 0.0%. Demanda (pico) no cluster: 110 tickets; heavy users: 57%.
5;67.7;12;1876.5;8;BrasÃ­lia â†’ BrasÃ­lia;Viação 105;110;56.5;0;86.08;Sugerir Viação 105 na rota BrasÃ­lia â†’ BrasÃ­lia no horÃ¡rio 12h. Share atual: 0.0%. Demanda (pico) no cluster: 110 tickets; heavy users: 57%.
5;67.7;12;1876.5;9;BrasÃ­lia â†’ BrasÃ­lia;Viação 007;110;56.5;0;86.08;Sugerir Viação 007 na rota BrasÃ­lia â†’ BrasÃ­lia no horÃ¡rio 12h. Share atual: 0.0%. Demanda (pico) no cluster: 110 tickets; heavy users: 57%.
5;67.7;12;1876.5;10;BrasÃ­lia â†’ BrasÃ­lia;Viação 009;110;56.5;0;86.08;Sugerir Viação 009 na rota BrasÃ­lia â†’ BrasÃ­lia no horÃ¡rio 12h. Share atual: 0.0%. Demanda (pico) no cluster: 110 tickets; heavy users: 57%.
5;67.7;13;1816.2;1;Salvador â†’ Fortaleza;Viação 170;92;21.7;0;56;Sugerir Viação 170 na rota Salvador â†’ Fortaleza no horÃ¡rio 13h. Share atual: 0.0%. Demanda (pico) no cluster: 92 tickets; heavy users: 22%.
5;67.7;13;1816.2;2;Salvador â†’ Fortaleza;Viação 161;92;21.7;0;56;Sugerir Viação 161 na rota Salvador â†’ Fortaleza no horÃ¡rio 13h. Share atual: 0.0%. Demanda (pico) no cluster: 92 tickets; heavy users: 22%.
5;67.7;13;1816.2;3;Salvador â†’ Fortaleza;Viação 017;92;21.7;0;56;Sugerir Viação 017 na rota Salvador â†’ Fortaleza no horÃ¡rio 13h. Share atual: 0.0%. Demanda (pico) no cluster: 92 tickets; heavy users: 22%.
5;67.7;13;1816.2;4;Salvador â†’ Fortaleza;Viação 055;92;21.7;0;56;Sugerir Viação 055 na rota Salvador â†’ Fortaleza no horÃ¡rio 13h. Share atual: 0.0%. Demanda (pico) no cluster: 92 tickets; heavy users: 22%.
5;67.7;13;1816.2;5;Salvador â†’ Fortaleza;Viação 268;92;21.7;0;56;Sugerir Viação 268 na rota Salvador â†’ Fortaleza no horÃ¡rio 13h. Share atual: 0.0%. Demanda (pico) no cluster: 92 tickets; heavy users: 22%.
5;67.7;13;1816.2;6;Salvador â†’ Fortaleza;Viação 070;92;21.7;0;56;Sugerir Viação 070 na rota Salvador â†’ Fortaleza no horÃ¡rio 13h. Share atual: 0.0%. Demanda (pico) no cluster: 92 tickets; heavy users: 22%.
5;67.7;13;1816.2;7;Salvador â†’ Fortaleza;Viação 259;92;21.7;0;56;Sugerir Viação 259 na rota Salvador â†’ Fortaleza no horÃ¡rio 13h. Share atual: 0.0%. Demanda (pico) no cluster: 92 tickets; heavy users: 22%.
5;67.7;13;1816.2;8;Salvador â†’ Fortaleza;Viação 094;92;21.7;0;56;Sugerir Viação 094 na rota Salvador â†’ Fortaleza no horÃ¡rio 13h. Share atual: 0.0%. Demanda (pico) no cluster: 92 tickets; heavy users: 22%.
5;67.7;13;1816.2;9;Salvador â†’ Fortaleza;Viação 146;92;21.7;0;56;Sugerir Viação 146 na rota Salvador â†’ Fortaleza no horÃ¡rio 13h. Share atual: 0.0%. Demanda (pico) no cluster: 92 tickets; heavy users: 22%.
5;67.7;13;1816.2;10;Salvador â†’ Fortaleza;Viação 235;92;21.7;0;56;Sugerir Viação 235 na rota Salvador â†’ Fortaleza no horÃ¡rio 13h. Share atual: 0.0%. Demanda (pico) no cluster: 92 tickets; heavy users: 22%.
5;67.7;15;1929.38;1;Salvador â†’ Fortaleza;Viação 182;98;55.6;0;76.22;Sugerir Viação 182 na rota Salvador â†’ Fortaleza no horÃ¡rio 15h. Share atual: 0.0%. Demanda (pico) no cluster: 98 tickets; heavy users: 56%.
5;67.7;15;1929.38;2;Salvador â†’ Fortaleza;Viação 070;98;55.6;0;76.22;Sugerir Viação 070 na rota Salvador â†’ Fortaleza no horÃ¡rio 15h. Share atual: 0.0%. Demanda (pico) no cluster: 98 tickets; heavy users: 56%.
5;67.7;15;1929.38;3;Salvador â†’ Fortaleza;Viação 094;98;55.6;0;76.22;Sugerir Viação 094 na rota Salvador â†’ Fortaleza no horÃ¡rio 15h. Share atual: 0.0%. Demanda (pico) no cluster: 98 tickets; heavy users: 56%.
5;67.7;15;1929.38;4;Salvador â†’ Fortaleza;Viação 055;98;55.6;0;76.22;Sugerir Viação 055 na rota Salvador â†’ Fortaleza no horÃ¡rio 15h. Share atual: 0.0%. Demanda (pico) no cluster: 98 tickets; heavy users: 56%.
5;67.7;15;1929.38;5;Salvador â†’ Fortaleza;Viação 146;98;55.6;0;76.22;Sugerir Viação 146 na rota Salvador â†’ Fortaleza no horÃ¡rio 15h. Share atual: 0.0%. Demanda (pico) no cluster: 98 tickets; heavy users: 56%.
5;67.7;15;1929.38;6;Salvador â†’ Fortaleza;Viação 017;98;55.6;0;76.22;Sugerir Viação 017 na rota Salvador â†’ Fortaleza no horÃ¡rio 15h. Share atual: 0.0%. Demanda (pico) no cluster: 98 tickets; heavy users: 56%.
5;67.7;15;1929.38;7;Salvador â†’ Fortaleza;Viação 161;98;55.6;0;76.22;Sugerir Viação 161 na rota Salvador â†’ Fortaleza no horÃ¡rio 15h. Share atual: 0.0%. Demanda (pico) no cluster: 98 tickets; heavy users: 56%.
5;67.7;15;1929.38;8;Salvador â†’ Fortaleza;Viação 268;98;55.6;0;76.22;Sugerir Viação 268 na rota Salvador â†’ Fortaleza no horÃ¡rio 15h. Share atual: 0.0%. Demanda (pico) no cluster: 98 tickets; heavy users: 56%.
5;67.7;15;1929.38;9;Salvador â†’ Fortaleza;Viação 259;98;55.6;0;76.22;Sugerir Viação 259 na rota Salvador â†’ Fortaleza no horÃ¡rio 15h. Share atual: 0.0%. Demanda (pico) no cluster: 98 tickets; heavy users: 56%.
5;67.7;15;1929.38;10;Salvador â†’ Fortaleza;Viação 235;98;55.6;0;76.22;Sugerir Viação 235 na rota Salvador â†’ Fortaleza no horÃ¡rio 15h. Share atual: 0.0%. Demanda (pico) no cluster: 98 tickets; heavy users: 56%.
5;67.7;16;1792.43;1;Fortaleza â†’ Salvador;Viação 238;112;50;0;84;Sugerir Viação 238 na rota Fortaleza â†’ Salvador no horÃ¡rio 16h. Share atual: 0.0%. Demanda (pico) no cluster: 112 tickets; heavy users: 50%.
5;67.7;16;1792.43;2;Fortaleza â†’ Salvador;Viação 284;112;50;0;84;Sugerir Viação 284 na rota Fortaleza â†’ Salvador no horÃ¡rio 16h. Share atual: 0.0%. Demanda (pico) no cluster: 112 tickets; heavy users: 50%.
5;67.7;16;1792.43;3;Fortaleza â†’ Salvador;Viação 268;112;50;0;84;Sugerir Viação 268 na rota Fortaleza â†’ Salvador no horÃ¡rio 16h. Share atual: 0.0%. Demanda (pico) no cluster: 112 tickets; heavy users: 50%.
5;67.7;16;1792.43;4;Fortaleza â†’ Salvador;Viação 002;112;50;0;84;Sugerir Viação 002 na rota Fortaleza â†’ Salvador no horÃ¡rio 16h. Share atual: 0.0%. Demanda (pico) no cluster: 112 tickets; heavy users: 50%.
5;67.7;16;1792.43;5;Fortaleza â†’ Salvador;Viação 235;112;50;0;84;Sugerir Viação 235 na rota Fortaleza â†’ Salvador no horÃ¡rio 16h. Share atual: 0.0%. Demanda (pico) no cluster: 112 tickets; heavy users: 50%.
5;67.7;16;1792.43;6;Fortaleza â†’ Salvador;Viação 204;112;50;0;84;Sugerir Viação 204 na rota Fortaleza â†’ Salvador no horÃ¡rio 16h. Share atual: 0.0%. Demanda (pico) no cluster: 112 tickets; heavy users: 50%.
5;67.7;16;1792.43;7;Fortaleza â†’ Salvador;Viação 152;112;50;0;84;Sugerir Viação 152 na rota Fortaleza â†’ Salvador no horÃ¡rio 16h. Share atual: 0.0%. Demanda (pico) no cluster: 112 tickets; heavy users: 50%.
5;67.7;16;1792.43;8;Fortaleza â†’ Salvador;Viação 138;112;50;0;84;Sugerir Viação 138 na rota Fortaleza â†’ Salvador no horÃ¡rio 16h. Share atual: 0.0%. Demanda (pico) no cluster: 112 tickets; heavy users: 50%.
5;67.7;16;1792.43;9;Fortaleza â†’ Salvador;Viação 105;112;50;0;84;Sugerir Viação 105 na rota Fortaleza â†’ Salvador no horÃ¡rio 16h. Share atual: 0.0%. Demanda (pico) no cluster: 112 tickets; heavy users: 50%.
5;67.7;16;1792.43;10;Fortaleza â†’ Salvador;Viação 086;112;50;0;84;Sugerir Viação 086 na rota Fortaleza â†’ Salvador no horÃ¡rio 16h. Share atual: 0.0%. Demanda (pico) no cluster: 112 tickets; heavy users: 50%.
6;67.1;18;14364.3;1;Salvador â†’ Fortaleza;Viação 268;971;42.6;0;692.43;Sugerir Viação 268 na rota Salvador â†’ Fortaleza no horÃ¡rio 18h. Share atual: 0.0%. Demanda (pico) no cluster: 971 tickets; heavy users: 43%.
6;67.1;18;14364.3;2;Salvador â†’ Fortaleza;Viação 094;971;42.6;0;692.43;Sugerir Viação 094 na rota Salvador â†’ Fortaleza no horÃ¡rio 18h. Share atual: 0.0%. Demanda (pico) no cluster: 971 tickets; heavy users: 43%.
6;67.1;18;14364.3;3;Salvador â†’ Fortaleza;Viação 161;971;42.6;0;692.43;Sugerir Viação 161 na rota Salvador â†’ Fortaleza no horÃ¡rio 18h. Share atual: 0.0%. Demanda (pico) no cluster: 971 tickets; heavy users: 43%.
6;67.1;18;14364.3;4;Salvador â†’ Fortaleza;Viação 070;971;42.6;0;692.43;Sugerir Viação 070 na rota Salvador â†’ Fortaleza no horÃ¡rio 18h. Share atual: 0.0%. Demanda (pico) no cluster: 971 tickets; heavy users: 43%.
6;67.1;18;14364.3;5;Salvador â†’ Fortaleza;Viação 170;971;42.6;0;692.43;Sugerir Viação 170 na rota Salvador â†’ Fortaleza no horÃ¡rio 18h. Share atual: 0.0%. Demanda (pico) no cluster: 971 tickets; heavy users: 43%.
6;67.1;18;14364.3;6;Salvador â†’ Fortaleza;Viação 182;971;42.6;0;692.43;Sugerir Viação 182 na rota Salvador â†’ Fortaleza no horÃ¡rio 18h. Share atual: 0.0%. Demanda (pico) no cluster: 971 tickets; heavy users: 43%.
6;67.1;18;14364.3;7;Salvador â†’ Fortaleza;Viação 055;971;42.6;0;692.43;Sugerir Viação 055 na rota Salvador â†’ Fortaleza no horÃ¡rio 18h. Share atual: 0.0%. Demanda (pico) no cluster: 971 tickets; heavy users: 43%.
6;67.1;18;14364.3;8;Salvador â†’ Fortaleza;Viação 195;971;42.6;0;692.43;Sugerir Viação 195 na rota Salvador â†’ Fortaleza no horÃ¡rio 18h. Share atual: 0.0%. Demanda (pico) no cluster: 971 tickets; heavy users: 43%.
6;67.1;18;14364.3;9;Salvador â†’ Fortaleza;Viação 146;971;42.6;0;692.43;Sugerir Viação 146 na rota Salvador â†’ Fortaleza no horÃ¡rio 18h. Share atual: 0.0%. Demanda (pico) no cluster: 971 tickets; heavy users: 43%.
6;67.1;18;14364.3;10;Salvador â†’ Fortaleza;Viação 209;971;42.6;0;692.43;Sugerir Viação 209 na rota Salvador â†’ Fortaleza no horÃ¡rio 18h. Share atual: 0.0%. Demanda (pico) no cluster: 971 tickets; heavy users: 43%.
6;67.1;19;16116.09;1;Salvador â†’ Fortaleza;Viação 259;1109;37.2;0;760.72;Sugerir Viação 259 na rota Salvador â†’ Fortaleza no horÃ¡rio 19h. Share atual: 0.0%. Demanda (pico) no cluster: 1109 tickets; heavy users: 37%.
6;67.1;19;16116.09;2;Salvador â†’ Fortaleza;Viação 268;1109;37.2;0;760.72;Sugerir Viação 268 na rota Salvador â†’ Fortaleza no horÃ¡rio 19h. Share atual: 0.0%. Demanda (pico) no cluster: 1109 tickets; heavy users: 37%.
6;67.1;19;16116.09;3;Salvador â†’ Fortaleza;Viação 235;1109;37.2;0;760.72;Sugerir Viação 235 na rota Salvador â†’ Fortaleza no horÃ¡rio 19h. Share atual: 0.0%. Demanda (pico) no cluster: 1109 tickets; heavy users: 37%.
6;67.1;19;16116.09;4;Salvador â†’ Fortaleza;Viação 017;1109;37.2;0;760.72;Sugerir Viação 017 na rota Salvador â†’ Fortaleza no horÃ¡rio 19h. Share atual: 0.0%. Demanda (pico) no cluster: 1109 tickets; heavy users: 37%.
6;67.1;19;16116.09;5;Salvador â†’ Fortaleza;Viação 055;1109;37.2;0;760.72;Sugerir Viação 055 na rota Salvador â†’ Fortaleza no horÃ¡rio 19h. Share atual: 0.0%. Demanda (pico) no cluster: 1109 tickets; heavy users: 37%.
6;67.1;19;16116.09;6;Salvador â†’ Fortaleza;Viação 070;1109;37.2;0;760.72;Sugerir Viação 070 na rota Salvador â†’ Fortaleza no horÃ¡rio 19h. Share atual: 0.0%. Demanda (pico) no cluster: 1109 tickets; heavy users: 37%.
6;67.1;19;16116.09;7;Salvador â†’ Fortaleza;Viação 209;1109;37.2;0;760.72;Sugerir Viação 209 na rota Salvador â†’ Fortaleza no horÃ¡rio 19h. Share atual: 0.0%. Demanda (pico) no cluster: 1109 tickets; heavy users: 37%.
6;67.1;19;16116.09;8;Salvador â†’ Fortaleza;Viação 094;1109;37.2;0;760.72;Sugerir Viação 094 na rota Salvador â†’ Fortaleza no horÃ¡rio 19h. Share atual: 0.0%. Demanda (pico) no cluster: 1109 tickets; heavy users: 37%.
6;67.1;19;16116.09;9;Salvador â†’ Fortaleza;Viação 195;1109;37.2;0;760.72;Sugerir Viação 195 na rota Salvador â†’ Fortaleza no horÃ¡rio 19h. Share atual: 0.0%. Demanda (pico) no cluster: 1109 tickets; heavy users: 37%.
6;67.1;19;16116.09;10;Salvador â†’ Fortaleza;Viação 146;1109;37.2;0;760.72;Sugerir Viação 146 na rota Salvador â†’ Fortaleza no horÃ¡rio 19h. Share atual: 0.0%. Demanda (pico) no cluster: 1109 tickets; heavy users: 37%.
6;67.1;20;16716.71;1;Salvador â†’ Fortaleza;Viação 161;1133;35.4;0;766.97;Sugerir Viação 161 na rota Salvador â†’ Fortaleza no horÃ¡rio 20h. Share atual: 0.0%. Demanda (pico) no cluster: 1133 tickets; heavy users: 35%.
6;67.1;20;16716.71;2;Salvador â†’ Fortaleza;Viação 055;1133;35.4;0;766.97;Sugerir Viação 055 na rota Salvador â†’ Fortaleza no horÃ¡rio 20h. Share atual: 0.0%. Demanda (pico) no cluster: 1133 tickets; heavy users: 35%.
6;67.1;20;16716.71;3;Salvador â†’ Fortaleza;Viação 182;1133;35.4;0;766.97;Sugerir Viação 182 na rota Salvador â†’ Fortaleza no horÃ¡rio 20h. Share atual: 0.0%. Demanda (pico) no cluster: 1133 tickets; heavy users: 35%.
6;67.1;20;16716.71;4;Salvador â†’ Fortaleza;Viação 235;1133;35.4;0;766.97;Sugerir Viação 235 na rota Salvador â†’ Fortaleza no horÃ¡rio 20h. Share atual: 0.0%. Demanda (pico) no cluster: 1133 tickets; heavy users: 35%.
6;67.1;20;16716.71;5;Salvador â†’ Fortaleza;Viação 070;1133;35.4;0;766.97;Sugerir Viação 070 na rota Salvador â†’ Fortaleza no horÃ¡rio 20h. Share atual: 0.0%. Demanda (pico) no cluster: 1133 tickets; heavy users: 35%.
6;67.1;20;16716.71;6;Salvador â†’ Fortaleza;Viação 268;1133;35.4;0;766.97;Sugerir Viação 268 na rota Salvador â†’ Fortaleza no horÃ¡rio 20h. Share atual: 0.0%. Demanda (pico) no cluster: 1133 tickets; heavy users: 35%.
6;67.1;20;16716.71;7;Salvador â†’ Fortaleza;Viação 170;1133;35.4;0;766.97;Sugerir Viação 170 na rota Salvador â†’ Fortaleza no horÃ¡rio 20h. Share atual: 0.0%. Demanda (pico) no cluster: 1133 tickets; heavy users: 35%.
6;67.1;20;16716.71;8;Salvador â†’ Fortaleza;Viação 094;1133;35.4;0;766.97;Sugerir Viação 094 na rota Salvador â†’ Fortaleza no horÃ¡rio 20h. Share atual: 0.0%. Demanda (pico) no cluster: 1133 tickets; heavy users: 35%.
6;67.1;20;16716.71;9;Salvador â†’ Fortaleza;Viação 146;1133;35.4;0;766.97;Sugerir Viação 146 na rota Salvador â†’ Fortaleza no horÃ¡rio 20h. Share atual: 0.0%. Demanda (pico) no cluster: 1133 tickets; heavy users: 35%.
6;67.1;20;16716.71;10;Salvador â†’ Fortaleza;Viação 209;1133;35.4;0;766.97;Sugerir Viação 209 na rota Salvador â†’ Fortaleza no horÃ¡rio 20h. Share atual: 0.0%. Demanda (pico) no cluster: 1133 tickets; heavy users: 35%.
6;67.1;21;16639.51;1;Salvador â†’ Fortaleza;Viação 055;1070;32;0;706.25;Sugerir Viação 055 na rota Salvador â†’ Fortaleza no horÃ¡rio 21h. Share atual: 0.0%. Demanda (pico) no cluster: 1070 tickets; heavy users: 32%.
6;67.1;21;16639.51;2;Salvador â†’ Fortaleza;Viação 070;1070;32;0;706.25;Sugerir Viação 070 na rota Salvador â†’ Fortaleza no horÃ¡rio 21h. Share atual: 0.0%. Demanda (pico) no cluster: 1070 tickets; heavy users: 32%.
6;67.1;21;16639.51;3;Salvador â†’ Fortaleza;Viação 017;1070;32;0;706.25;Sugerir Viação 017 na rota Salvador â†’ Fortaleza no horÃ¡rio 21h. Share atual: 0.0%. Demanda (pico) no cluster: 1070 tickets; heavy users: 32%.
6;67.1;21;16639.51;4;Salvador â†’ Fortaleza;Viação 094;1070;32;0;706.25;Sugerir Viação 094 na rota Salvador â†’ Fortaleza no horÃ¡rio 21h. Share atual: 0.0%. Demanda (pico) no cluster: 1070 tickets; heavy users: 32%.
6;67.1;21;16639.51;5;Salvador â†’ Fortaleza;Viação 161;1070;32;0;706.25;Sugerir Viação 161 na rota Salvador â†’ Fortaleza no horÃ¡rio 21h. Share atual: 0.0%. Demanda (pico) no cluster: 1070 tickets; heavy users: 32%.
6;67.1;21;16639.51;6;Salvador â†’ Fortaleza;Viação 195;1070;32;0;706.25;Sugerir Viação 195 na rota Salvador â†’ Fortaleza no horÃ¡rio 21h. Share atual: 0.0%. Demanda (pico) no cluster: 1070 tickets; heavy users: 32%.
6;67.1;21;16639.51;7;Salvador â†’ Fortaleza;Viação 259;1070;32;0;706.25;Sugerir Viação 259 na rota Salvador â†’ Fortaleza no horÃ¡rio 21h. Share atual: 0.0%. Demanda (pico) no cluster: 1070 tickets; heavy users: 32%.
6;67.1;21;16639.51;8;Salvador â†’ Fortaleza;Viação 182;1070;32;0;706.25;Sugerir Viação 182 na rota Salvador â†’ Fortaleza no horÃ¡rio 21h. Share atual: 0.0%. Demanda (pico) no cluster: 1070 tickets; heavy users: 32%.
6;67.1;21;16639.51;9;Salvador â†’ Fortaleza;Viação 268;1070;32;0;706.25;Sugerir Viação 268 na rota Salvador â†’ Fortaleza no horÃ¡rio 21h. Share atual: 0.0%. Demanda (pico) no cluster: 1070 tickets; heavy users: 32%.
6;67.1;21;16639.51;10;Salvador â†’ Fortaleza;Viação 170;1070;32;0;706.25;Sugerir Viação 170 na rota Salvador â†’ Fortaleza no horÃ¡rio 21h. Share atual: 0.0%. Demanda (pico) no cluster: 1070 tickets; heavy users: 32%.
6;67.1;22;14630.77;1;Salvador â†’ Fortaleza;Viação 146;1169;34.1;0;784.01;Sugerir Viação 146 na rota Salvador â†’ Fortaleza no horÃ¡rio 22h. Share atual: 0.0%. Demanda (pico) no cluster: 1169 tickets; heavy users: 34%.
6;67.1;22;14630.77;2;Salvador â†’ Fortaleza;Viação 268;1169;34.1;0;784.01;Sugerir Viação 268 na rota Salvador â†’ Fortaleza no horÃ¡rio 22h. Share atual: 0.0%. Demanda (pico) no cluster: 1169 tickets; heavy users: 34%.
6;67.1;22;14630.77;3;Salvador â†’ Fortaleza;Viação 259;1169;34.1;0;784.01;Sugerir Viação 259 na rota Salvador â†’ Fortaleza no horÃ¡rio 22h. Share atual: 0.0%. Demanda (pico) no cluster: 1169 tickets; heavy users: 34%.
6;67.1;22;14630.77;4;Salvador â†’ Fortaleza;Viação 017;1169;34.1;0;784.01;Sugerir Viação 017 na rota Salvador â†’ Fortaleza no horÃ¡rio 22h. Share atual: 0.0%. Demanda (pico) no cluster: 1169 tickets; heavy users: 34%.
6;67.1;22;14630.77;5;Salvador â†’ Fortaleza;Viação 235;1169;34.1;0;784.01;Sugerir Viação 235 na rota Salvador â†’ Fortaleza no horÃ¡rio 22h. Share atual: 0.0%. Demanda (pico) no cluster: 1169 tickets; heavy users: 34%.
6;67.1;22;14630.77;6;Salvador â†’ Fortaleza;Viação 209;1169;34.1;0;784.01;Sugerir Viação 209 na rota Salvador â†’ Fortaleza no horÃ¡rio 22h. Share atual: 0.0%. Demanda (pico) no cluster: 1169 tickets; heavy users: 34%.
6;67.1;22;14630.77;7;Salvador â†’ Fortaleza;Viação 195;1169;34.1;0;784.01;Sugerir Viação 195 na rota Salvador â†’ Fortaleza no horÃ¡rio 22h. Share atual: 0.0%. Demanda (pico) no cluster: 1169 tickets; heavy users: 34%.
6;67.1;22;14630.77;8;Salvador â†’ Fortaleza;Viação 182;1169;34.1;0;784.01;Sugerir Viação 182 na rota Salvador â†’ Fortaleza no horÃ¡rio 22h. Share atual: 0.0%. Demanda (pico) no cluster: 1169 tickets; heavy users: 34%.
6;67.1;22;14630.77;9;Salvador â†’ Fortaleza;Viação 055;1169;34.1;0;784.01;Sugerir Viação 055 na rota Salvador â†’ Fortaleza no horÃ¡rio 22h. Share atual: 0.0%. Demanda (pico) no cluster: 1169 tickets; heavy users: 34%.
6;67.1;22;14630.77;10;Salvador â†’ Fortaleza;Viação 170;1169;34.1;0;784.01;Sugerir Viação 170 na rota Salvador â†’ Fortaleza no horÃ¡rio 22h. Share atual: 0.0%. Demanda (pico) no cluster: 1169 tickets; heavy users: 34%.
7;29.8;10;3158.12;1;Salvador â†’ Fortaleza;Viação 070;125;10.6;0;69.12;Sugerir Viação 070 na rota Salvador â†’ Fortaleza no horÃ¡rio 10h. Share atual: 0.0%. Demanda (pico) no cluster: 125 tickets; heavy users: 11%.
7;29.8;10;3158.12;2;Salvador â†’ Fortaleza;Viação 182;125;10.6;0;69.12;Sugerir Viação 182 na rota Salvador â†’ Fortaleza no horÃ¡rio 10h. Share atual: 0.0%. Demanda (pico) no cluster: 125 tickets; heavy users: 11%.
7;29.8;10;3158.12;3;Salvador â†’ Fortaleza;Viação 017;125;10.6;0;69.12;Sugerir Viação 017 na rota Salvador â†’ Fortaleza no horÃ¡rio 10h. Share atual: 0.0%. Demanda (pico) no cluster: 125 tickets; heavy users: 11%.
7;29.8;10;3158.12;4;Salvador â†’ Fortaleza;Viação 268;125;10.6;0;69.12;Sugerir Viação 268 na rota Salvador â†’ Fortaleza no horÃ¡rio 10h. Share atual: 0.0%. Demanda (pico) no cluster: 125 tickets; heavy users: 11%.
7;29.8;10;3158.12;5;Salvador â†’ Fortaleza;Viação 259;125;10.6;0;69.12;Sugerir Viação 259 na rota Salvador â†’ Fortaleza no horÃ¡rio 10h. Share atual: 0.0%. Demanda (pico) no cluster: 125 tickets; heavy users: 11%.
7;29.8;10;3158.12;6;Salvador â†’ Fortaleza;Viação 055;125;10.6;0;69.12;Sugerir Viação 055 na rota Salvador â†’ Fortaleza no horÃ¡rio 10h. Share atual: 0.0%. Demanda (pico) no cluster: 125 tickets; heavy users: 11%.
7;29.8;10;3158.12;7;Salvador â†’ Fortaleza;Viação 235;125;10.6;0;69.12;Sugerir Viação 235 na rota Salvador â†’ Fortaleza no horÃ¡rio 10h. Share atual: 0.0%. Demanda (pico) no cluster: 125 tickets; heavy users: 11%.
7;29.8;10;3158.12;8;Salvador â†’ Fortaleza;Viação 094;125;10.6;0;69.12;Sugerir Viação 094 na rota Salvador â†’ Fortaleza no horÃ¡rio 10h. Share atual: 0.0%. Demanda (pico) no cluster: 125 tickets; heavy users: 11%.
7;29.8;10;3158.12;9;Salvador â†’ Fortaleza;Viação 209;125;10.6;0;69.12;Sugerir Viação 209 na rota Salvador â†’ Fortaleza no horÃ¡rio 10h. Share atual: 0.0%. Demanda (pico) no cluster: 125 tickets; heavy users: 11%.
7;29.8;10;3158.12;10;Salvador â†’ Fortaleza;Viação 146;125;10.6;0;69.12;Sugerir Viação 146 na rota Salvador â†’ Fortaleza no horÃ¡rio 10h. Share atual: 0.0%. Demanda (pico) no cluster: 125 tickets; heavy users: 11%.
7;29.8;11;3261.26;1;Fortaleza â†’ Salvador;Viação 026;140;18.4;0;82.87;Sugerir Viação 026 na rota Fortaleza â†’ Salvador no horÃ¡rio 11h. Share atual: 0.0%. Demanda (pico) no cluster: 140 tickets; heavy users: 18%.
7;29.8;11;3261.26;2;Fortaleza â†’ Salvador;Viação 062;140;18.4;0;82.87;Sugerir Viação 062 na rota Fortaleza â†’ Salvador no horÃ¡rio 11h. Share atual: 0.0%. Demanda (pico) no cluster: 140 tickets; heavy users: 18%.
7;29.8;11;3261.26;3;Fortaleza â†’ Salvador;Viação 268;140;18.4;0;82.87;Sugerir Viação 268 na rota Fortaleza â†’ Salvador no horÃ¡rio 11h. Share atual: 0.0%. Demanda (pico) no cluster: 140 tickets; heavy users: 18%.
7;29.8;11;3261.26;4;Fortaleza â†’ Salvador;Viação 069;140;18.4;0;82.87;Sugerir Viação 069 na rota Fortaleza â†’ Salvador no horÃ¡rio 11h. Share atual: 0.0%. Demanda (pico) no cluster: 140 tickets; heavy users: 18%.
7;29.8;11;3261.26;5;Fortaleza â†’ Salvador;Viação 238;140;18.4;0;82.87;Sugerir Viação 238 na rota Fortaleza â†’ Salvador no horÃ¡rio 11h. Share atual: 0.0%. Demanda (pico) no cluster: 140 tickets; heavy users: 18%.
7;29.8;11;3261.26;6;Fortaleza â†’ Salvador;Viação 105;140;18.4;0;82.87;Sugerir Viação 105 na rota Fortaleza â†’ Salvador no horÃ¡rio 11h. Share atual: 0.0%. Demanda (pico) no cluster: 140 tickets; heavy users: 18%.
7;29.8;11;3261.26;7;Fortaleza â†’ Salvador;Viação 138;140;18.4;0;82.87;Sugerir Viação 138 na rota Fortaleza â†’ Salvador no horÃ¡rio 11h. Share atual: 0.0%. Demanda (pico) no cluster: 140 tickets; heavy users: 18%.
7;29.8;11;3261.26;8;Fortaleza â†’ Salvador;Viação 284;140;18.4;0;82.87;Sugerir Viação 284 na rota Fortaleza â†’ Salvador no horÃ¡rio 11h. Share atual: 0.0%. Demanda (pico) no cluster: 140 tickets; heavy users: 18%.
7;29.8;11;3261.26;9;Fortaleza â†’ Salvador;Viação 152;140;18.4;0;82.87;Sugerir Viação 152 na rota Fortaleza â†’ Salvador no horÃ¡rio 11h. Share atual: 0.0%. Demanda (pico) no cluster: 140 tickets; heavy users: 18%.
7;29.8;11;3261.26;10;Fortaleza â†’ Salvador;Viação 204;140;18.4;0;82.87;Sugerir Viação 204 na rota Fortaleza â†’ Salvador no horÃ¡rio 11h. Share atual: 0.0%. Demanda (pico) no cluster: 140 tickets; heavy users: 18%.
7;29.8;12;3296.2;1;Salvador â†’ Fortaleza;Viação 017;141;18.2;0;83.32;Sugerir Viação 017 na rota Salvador â†’ Fortaleza no horÃ¡rio 12h. Share atual: 0.0%. Demanda (pico) no cluster: 141 tickets; heavy users: 18%.
7;29.8;12;3296.2;2;Salvador â†’ Fortaleza;Viação 209;141;18.2;0;83.32;Sugerir Viação 209 na rota Salvador â†’ Fortaleza no horÃ¡rio 12h. Share atual: 0.0%. Demanda (pico) no cluster: 141 tickets; heavy users: 18%.
7;29.8;12;3296.2;3;Salvador â†’ Fortaleza;Viação 195;141;18.2;0;83.32;Sugerir Viação 195 na rota Salvador â†’ Fortaleza no horÃ¡rio 12h. Share atual: 0.0%. Demanda (pico) no cluster: 141 tickets; heavy users: 18%.
7;29.8;12;3296.2;4;Salvador â†’ Fortaleza;Viação 055;141;18.2;0;83.32;Sugerir Viação 055 na rota Salvador â†’ Fortaleza no horÃ¡rio 12h. Share atual: 0.0%. Demanda (pico) no cluster: 141 tickets; heavy users: 18%.
7;29.8;12;3296.2;5;Salvador â†’ Fortaleza;Viação 268;141;18.2;0;83.32;Sugerir Viação 268 na rota Salvador â†’ Fortaleza no horÃ¡rio 12h. Share atual: 0.0%. Demanda (pico) no cluster: 141 tickets; heavy users: 18%.
7;29.8;12;3296.2;6;Salvador â†’ Fortaleza;Viação 070;141;18.2;0;83.32;Sugerir Viação 070 na rota Salvador â†’ Fortaleza no horÃ¡rio 12h. Share atual: 0.0%. Demanda (pico) no cluster: 141 tickets; heavy users: 18%.
7;29.8;12;3296.2;7;Salvador â†’ Fortaleza;Viação 259;141;18.2;0;83.32;Sugerir Viação 259 na rota Salvador â†’ Fortaleza no horÃ¡rio 12h. Share atual: 0.0%. Demanda (pico) no cluster: 141 tickets; heavy users: 18%.
7;29.8;12;3296.2;8;Salvador â†’ Fortaleza;Viação 094;141;18.2;0;83.32;Sugerir Viação 094 na rota Salvador â†’ Fortaleza no horÃ¡rio 12h. Share atual: 0.0%. Demanda (pico) no cluster: 141 tickets; heavy users: 18%.
7;29.8;12;3296.2;9;Salvador â†’ Fortaleza;Viação 146;141;18.2;0;83.32;Sugerir Viação 146 na rota Salvador â†’ Fortaleza no horÃ¡rio 12h. Share atual: 0.0%. Demanda (pico) no cluster: 141 tickets; heavy users: 18%.
7;29.8;12;3296.2;10;Salvador â†’ Fortaleza;Viação 235;141;18.2;0;83.32;Sugerir Viação 235 na rota Salvador â†’ Fortaleza no horÃ¡rio 12h. Share atual: 0.0%. Demanda (pico) no cluster: 141 tickets; heavy users: 18%.
7;29.8;13;3239.48;1;Salvador â†’ Fortaleza;Viação 170;141;14.7;0;80.87;Sugerir Viação 170 na rota Salvador â†’ Fortaleza no horÃ¡rio 13h. Share atual: 0.0%. Demanda (pico) no cluster: 141 tickets; heavy users: 15%.
7;29.8;13;3239.48;2;Salvador â†’ Fortaleza;Viação 268;141;14.7;0;80.87;Sugerir Viação 268 na rota Salvador â†’ Fortaleza no horÃ¡rio 13h. Share atual: 0.0%. Demanda (pico) no cluster: 141 tickets; heavy users: 15%.
7;29.8;13;3239.48;3;Salvador â†’ Fortaleza;Viação 259;141;14.7;0;80.87;Sugerir Viação 259 na rota Salvador â†’ Fortaleza no horÃ¡rio 13h. Share atual: 0.0%. Demanda (pico) no cluster: 141 tickets; heavy users: 15%.
7;29.8;13;3239.48;4;Salvador â†’ Fortaleza;Viação 235;141;14.7;0;80.87;Sugerir Viação 235 na rota Salvador â†’ Fortaleza no horÃ¡rio 13h. Share atual: 0.0%. Demanda (pico) no cluster: 141 tickets; heavy users: 15%.
7;29.8;13;3239.48;5;Salvador â†’ Fortaleza;Viação 209;141;14.7;0;80.87;Sugerir Viação 209 na rota Salvador â†’ Fortaleza no horÃ¡rio 13h. Share atual: 0.0%. Demanda (pico) no cluster: 141 tickets; heavy users: 15%.
7;29.8;13;3239.48;6;Salvador â†’ Fortaleza;Viação 195;141;14.7;0;80.87;Sugerir Viação 195 na rota Salvador â†’ Fortaleza no horÃ¡rio 13h. Share atual: 0.0%. Demanda (pico) no cluster: 141 tickets; heavy users: 15%.
7;29.8;13;3239.48;7;Salvador â†’ Fortaleza;Viação 182;141;14.7;0;80.87;Sugerir Viação 182 na rota Salvador â†’ Fortaleza no horÃ¡rio 13h. Share atual: 0.0%. Demanda (pico) no cluster: 141 tickets; heavy users: 15%.
7;29.8;13;3239.48;8;Salvador â†’ Fortaleza;Viação 017;141;14.7;0;80.87;Sugerir Viação 017 na rota Salvador â†’ Fortaleza no horÃ¡rio 13h. Share atual: 0.0%. Demanda (pico) no cluster: 141 tickets; heavy users: 15%.
7;29.8;13;3239.48;9;Salvador â†’ Fortaleza;Viação 161;141;14.7;0;80.87;Sugerir Viação 161 na rota Salvador â†’ Fortaleza no horÃ¡rio 13h. Share atual: 0.0%. Demanda (pico) no cluster: 141 tickets; heavy users: 15%.
7;29.8;13;3239.48;10;Salvador â†’ Fortaleza;Viação 146;141;14.7;0;80.87;Sugerir Viação 146 na rota Salvador â†’ Fortaleza no horÃ¡rio 13h. Share atual: 0.0%. Demanda (pico) no cluster: 141 tickets; heavy users: 15%.
7;29.8;14;2986.09;1;Fortaleza â†’ Salvador;Viação 086;120;18.2;0;70.91;Sugerir Viação 086 na rota Fortaleza â†’ Salvador no horÃ¡rio 14h. Share atual: 0.0%. Demanda (pico) no cluster: 120 tickets; heavy users: 18%.
7;29.8;14;2986.09;2;Fortaleza â†’ Salvador;Viação 069;120;18.2;0;70.91;Sugerir Viação 069 na rota Fortaleza â†’ Salvador no horÃ¡rio 14h. Share atual: 0.0%. Demanda (pico) no cluster: 120 tickets; heavy users: 18%.
7;29.8;14;2986.09;3;Fortaleza â†’ Salvador;Viação 062;120;18.2;0;70.91;Sugerir Viação 062 na rota Fortaleza â†’ Salvador no horÃ¡rio 14h. Share atual: 0.0%. Demanda (pico) no cluster: 120 tickets; heavy users: 18%.
7;29.8;14;2986.09;4;Fortaleza â†’ Salvador;Viação 002;120;18.2;0;70.91;Sugerir Viação 002 na rota Fortaleza â†’ Salvador no horÃ¡rio 14h. Share atual: 0.0%. Demanda (pico) no cluster: 120 tickets; heavy users: 18%.
7;29.8;14;2986.09;5;Fortaleza â†’ Salvador;Viação 284;120;18.2;0;70.91;Sugerir Viação 284 na rota Fortaleza â†’ Salvador no horÃ¡rio 14h. Share atual: 0.0%. Demanda (pico) no cluster: 120 tickets; heavy users: 18%.
7;29.8;14;2986.09;6;Fortaleza â†’ Salvador;Viação 268;120;18.2;0;70.91;Sugerir Viação 268 na rota Fortaleza â†’ Salvador no horÃ¡rio 14h. Share atual: 0.0%. Demanda (pico) no cluster: 120 tickets; heavy users: 18%.
7;29.8;14;2986.09;7;Fortaleza â†’ Salvador;Viação 238;120;18.2;0;70.91;Sugerir Viação 238 na rota Fortaleza â†’ Salvador no horÃ¡rio 14h. Share atual: 0.0%. Demanda (pico) no cluster: 120 tickets; heavy users: 18%.
7;29.8;14;2986.09;8;Fortaleza â†’ Salvador;Viação 235;120;18.2;0;70.91;Sugerir Viação 235 na rota Fortaleza â†’ Salvador no horÃ¡rio 14h. Share atual: 0.0%. Demanda (pico) no cluster: 120 tickets; heavy users: 18%.
7;29.8;14;2986.09;9;Fortaleza â†’ Salvador;Viação 010;120;18.2;0;70.91;Sugerir Viação 010 na rota Fortaleza â†’ Salvador no horÃ¡rio 14h. Share atual: 0.0%. Demanda (pico) no cluster: 120 tickets; heavy users: 18%.
7;29.8;14;2986.09;10;Fortaleza â†’ Salvador;Viação 026;120;18.2;0;70.91;Sugerir Viação 026 na rota Fortaleza â†’ Salvador no horÃ¡rio 14h. Share atual: 0.0%. Demanda (pico) no cluster: 120 tickets; heavy users: 18%.
